proj_code,order_date,order_code,order_code2,cust_code,no_cli,co_obr,de_obr,obra_latitud,obra_longitud,tkt_code,guia,pivot_plant_code,pivot_plant_name,pivot_plant_latitud,pivot_plant_longitud,plant_code,plant_name,plant_latitud,plant_longitud,truck_code,short_prod_descr,delv_qty,descr,to_job_time,on_job_time,begin_unld_time,end_unld_time,to_plant_time,at_plant_time,tiempo_a_obra,tiempo_espera,tiempo_vaciado,tiempo_salida,tiempo_a_planta,order_qty,start_time,frecuencia,prod_code,truck_type,load_num,tamaño_de_carga,sched_num
233648,2021-01-08 00:00:00,1,1,16012,FINANZAS SAAVEDRA Y ASOCIADOS S.L.L.,OV38,EDIFICIO RAMBLA DE VILMA MOLINS,-12.280231035737428,-77.11925144714856,2235615,407-2235615,SJN,Planta San Juan,-12.146795,-76.980005,CAL,Planta Callao,-12.066667,-77.15,558,1175N47B,7.0,Losa,2021-01-08 10:00:00,2021-01-08 11:08:41,2021-01-08 12:55:09,2021-01-08 13:08:11,2021-01-08 13:09:18,2021-01-08 14:11:24,68.7,106.5,13.0,1.1,62.1,9.3,2021-01-08 10:00:00,60,124850,C10,1,7,1
233648,2021-01-08 00:00:00,1,1,16012,FINANZAS SAAVEDRA Y ASOCIADOS S.L.L.,OV38,EDIFICIO RAMBLA DE VILMA MOLINS,-12.280231035737428,-77.11925144714856,2495158,435-2495158,SJN,Planta San Juan,-12.146795,-76.980005,SJ3,Planta San Juan 3,-12.146795,-76.980005,624,1175N47B,2.3,Losa,2021-01-08 11:00:00,2021-01-08 11:49:26,2021-01-08 13:36:56,2021-01-08 13:43:09,2021-01-08 13:46:36,2021-01-08 14:41:51,49.4,107.5,6.2,3.5,55.3,9.3,2021-01-08 10:00:00,60,124850,C10,2,7,1
247856,2021-04-19 00:00:00,2,2,14223,DESARROLLO INTERNACIONALES S.L.N.E,PU85,EDIFICIO CALLE DE LUÍS NOGUEIRA,-12.210904645884668,-76.88920990376212,2828381,450-2828381,SJ3,Planta San Juan 3,-12.146795,-76.980005,SJ3,Planta San Juan 3,-12.146795,-76.980005,712,1280N67B,9.0,Escalera,2021-04-19 10:00:00,2021-04-19 10:40:29,2021-04-19 11:56:44,2021-04-19 12:21:09,2021-04-19 12:29:56,2021-04-19 13:03:53,40.5,76.2,24.4,8.8,33.9,19.7,2021-04-19 10:00:00,60,124699,C9,1,9,1
247856,2021-04-19 00:00:00,2,2,14223,DESARROLLO INTERNACIONALES S.L.N.E,PU85,EDIFICIO CALLE DE LUÍS NOGUEIRA,-12.210904645884668,-76.88920990376212,2691998,428-2691998,SJ3,Planta San Juan 3,-12.146795,-76.980005,SJ3,Planta San Juan 3,-12.146795,-76.980005,750,1280N67B,9.0,Escalera,2021-04-19 11:00:00,2021-04-19 11:28:04,2021-04-19 13:31:09,2021-04-19 13:47:49,2021-04-19 13:51:31,2021-04-19 14:19:24,28.1,123.1,16.7,3.7,27.9,19.7,2021-04-19 10:00:00,60,124699,C8,2,9,1
247856,2021-04-19 00:00:00,2,2,14223,DESARROLLO INTERNACIONALES S.L.N.E,PU85,EDIFICIO CALLE DE LUÍS NOGUEIRA,-12.210904645884668,-76.88920990376212,2337408,436-2337408,SJ3,Planta San Juan 3,-12.146795,-76.980005,SJ3,Planta San Juan 3,-12.146795,-76.980005,596,1280N67B,1.7,Escalera,2021-04-19 12:00:00,2021-04-19 12:28:59,2021-04-19 13:20:46,2021-04-19 13:26:20,2021-04-19 13:32:14,2021-04-19 13:59:08,29.0,51.8,5.6,5.9,26.9,19.7,2021-04-19 10:00:00,60,124699,C8,3,9,1
241270,2021-06-05 00:00:00,3,3,15667,GEMA ARIAS BOU S.L.,OW68,EDIFICIO GLORIETA DE SOL CASAL,-12.08188595427265,-76.85806527080618,2404832,431-2404832,VSM,Planta Villa El Salvador,-12.210833,-76.941111,VSM,Planta Villa El Salvador,-12.210833,-76.941111,839,1350N77B,9.0,Losa,2021-06-05 08:00:00,2021-06-05 08:49:03,2021-06-05 08:55:36,2021-06-05 09:18:17,2021-06-05 09:25:38,2021-06-05 10:19:52,49.1,6.5,22.7,7.3,54.2,32.2,2021-06-05 08:00:00,45,125001,C8,1,9,1
241270,2021-06-05 00:00:00,3,3,15667,GEMA ARIAS BOU S.L.,OW68,EDIFICIO GLORIETA DE SOL CASAL,-12.08188595427265,-76.85806527080618,2886088,433-2886088,VSM,Planta Villa El Salvador,-12.210833,-76.941111,VSM,Planta Villa El Salvador,-12.210833,-76.941111,725,1350N77B,9.0,Losa,2021-06-05 08:45:00,2021-06-05 09:39:44,2021-06-05 09:58:40,2021-06-05 10:24:13,2021-06-05 10:28:12,2021-06-05 11:09:16,54.7,18.9,25.5,4.0,41.1,32.2,2021-06-05 08:00:00,45,125001,C7,2,9,1
241270,2021-06-05 00:00:00,3,3,15667,GEMA ARIAS BOU S.L.,OW68,EDIFICIO GLORIETA DE SOL CASAL,-12.08188595427265,-76.85806527080618,2078463,421-2078463,VSM,Planta Villa El Salvador,-12.210833,-76.941111,VSM,Planta Villa El Salvador,-12.210833,-76.941111,740,1350N77B,9.0,Losa,2021-06-05 09:30:00,2021-06-05 10:23:06,2021-06-05 10:25:24,2021-06-05 10:40:16,2021-06-05 10:49:07,2021-06-05 11:52:03,53.1,2.3,14.9,8.8,62.9,32.2,2021-06-05 08:00:00,45,125001,C9,3,9,1
241270,2021-06-05 00:00:00,3,3,15667,GEMA ARIAS BOU S.L.,OW68,EDIFICIO GLORIETA DE SOL CASAL,-12.08188595427265,-76.85806527080618,2559543,440-2559543,VSM,Planta Villa El Salvador,-12.210833,-76.941111,VSM,Planta Villa El Salvador,-12.210833,-76.941111,694,1350N77B,5.2,Losa,2021-06-05 10:15:00,2021-06-05 10:59:29,2021-06-05 11:59:06,2021-06-05 12:05:33,2021-06-05 12:09:30,2021-06-05 12:55:39,44.5,59.6,6.4,4.0,46.1,32.2,2021-06-05 08:00:00,45,125001,C9,4,9,1
237628,2021-01-27 00:00:00,4,4,19455,SOLA Y BARBERÁ S.L.,PL68,EDIFICIO ALAMEDA ANA BELÉN GIL,-12.0321577778678,-77.04055034630898,2094769,448-2094769,VSM,Planta Villa El Salvador,-12.210833,-76.941111,SJN,Planta San Juan,-12.146795,-76.980005,722,1210N57B,9.0,Columna,2021-01-27 08:00:00,2021-01-27 08:38:23,2021-01-27 09:13:36,2021-01-27 09:35:30,2021-01-27 09:39:05,2021-01-27 10:10:20,38.4,35.2,21.9,3.6,31.2,37.5,2021-01-27 08:00:00,30,125069,C7,1,9,1
237628,2021-01-27 00:00:00,4,4,19455,SOLA Y BARBERÁ S.L.,PL68,EDIFICIO ALAMEDA ANA BELÉN GIL,-12.0321577778678,-77.04055034630898,2307618,427-2307618,VSM,Planta Villa El Salvador,-12.210833,-76.941111,SJN,Planta San Juan,-12.146795,-76.980005,683,1210N57B,9.0,Columna,2021-01-27 08:30:00,2021-01-27 09:03:10,2021-01-27 10:47:16,2021-01-27 11:12:01,2021-01-27 11:13:26,2021-01-27 11:49:52,33.2,104.1,24.7,1.4,36.4,37.5,2021-01-27 08:00:00,30,125069,C9,2,9,1
237628,2021-01-27 00:00:00,4,4,19455,SOLA Y BARBERÁ S.L.,PL68,EDIFICIO ALAMEDA ANA BELÉN GIL,-12.0321577778678,-77.04055034630898,2639098,431-2639098,VSM,Planta Villa El Salvador,-12.210833,-76.941111,SJ3,Planta San Juan 3,-12.146795,-76.980005,695,1210N57B,9.0,Columna,2021-01-27 09:00:00,2021-01-27 09:27:11,2021-01-27 10:29:00,2021-01-27 10:50:52,2021-01-27 10:53:29,2021-01-27 11:14:54,27.2,61.8,21.9,2.6,21.4,37.5,2021-01-27 08:00:00,30,125069,C8,3,9,1
237628,2021-01-27 00:00:00,4,4,19455,SOLA Y BARBERÁ S.L.,PL68,EDIFICIO ALAMEDA ANA BELÉN GIL,-12.0321577778678,-77.04055034630898,2843718,443-2843718,VSM,Planta Villa El Salvador,-12.210833,-76.941111,CAL,Planta Callao,-12.066667,-77.15,738,1210N57B,9.0,Columna,2021-01-27 09:30:00,2021-01-27 09:46:49,2021-01-27 10:56:00,2021-01-27 11:12:18,2021-01-27 11:15:36,2021-01-27 11:27:27,16.8,69.2,16.3,3.3,11.9,37.5,2021-01-27 08:00:00,30,125069,C9,4,9,1
237628,2021-01-27 00:00:00,4,4,19455,SOLA Y BARBERÁ S.L.,PL68,EDIFICIO ALAMEDA ANA BELÉN GIL,-12.0321577778678,-77.04055034630898,2444920,429-2444920,VSM,Planta Villa El Salvador,-12.210833,-76.941111,CAL,Planta Callao,-12.066667,-77.15,853,1210N57B,1.5,Columna,2021-01-27 10:00:00,2021-01-27 10:17:16,2021-01-27 11:23:32,2021-01-27 11:28:32,2021-01-27 11:34:49,2021-01-27 11:52:25,17.3,66.3,5.0,6.3,17.6,37.5,2021-01-27 08:00:00,30,125069,C9,5,9,1
242433,2021-03-12 00:00:00,5,5,14196,FONT Y CARRILLO S.A.,PL17,EDIFICIO CUESTA JAFET AMO,-12.235475964017947,-77.1403699268288,2733247,442-2733247,ATE,Planta Ate,-12.043333,-76.898056,ATE,Planta Ate,-12.043333,-76.898056,651,1210N57B,7.0,Muro/Placa,2021-03-12 16:00:00,2021-03-12 17:14:42,2021-03-12 18:27:11,2021-03-12 18:39:16,2021-03-12 18:45:25,2021-03-12 19:59:10,74.7,72.5,12.1,6.1,73.8,16.9,2021-03-12 16:00:00,45,125069,C7,1,7,1
242433,2021-03-12 00:00:00,5,5,14196,FONT Y CARRILLO S.A.,PL17,EDIFICIO CUESTA JAFET AMO,-12.235475964017947,-77.1403699268288,2954851,418-2954851,ATE,Planta Ate,-12.043333,-76.898056,ATE,Planta Ate,-12.043333,-76.898056,810,1210N57B,7.0,Muro/Placa,2021-03-12 16:45:00,2021-03-12 18:00:02,2021-03-12 18:01:15,2021-03-12 18:21:29,2021-03-12 18:29:30,2021-03-12 19:58:33,75.0,1.2,20.2,8.0,89.1,16.9,2021-03-12 16:00:00,45,125069,C10,2,7,1
242433,2021-03-12 00:00:00,5,5,14196,FONT Y CARRILLO S.A.,PL17,EDIFICIO CUESTA JAFET AMO,-12.235475964017947,-77.1403699268288,2262801,440-2262801,ATE,Planta Ate,-12.043333,-76.898056,ATE,Planta Ate,-12.043333,-76.898056,847,1210N57B,2.9,Muro/Placa,2021-03-12 17:30:00,2021-03-12 18:56:26,2021-03-12 19:30:57,2021-03-12 19:42:10,2021-03-12 19:45:09,2021-03-12 20:53:52,86.4,34.5,11.2,3.0,68.7,16.9,2021-03-12 16:00:00,45,125069,C8,3,7,1
245035,2021-02-07 00:00:00,6,6,15679,VELASCO Y ASOCIADOS S.COOP.,OV41,EDIFICIO C. ALBA ROLDÁN,-11.977505508954197,-76.98830681309981,2309445,411-2309445,SJN,Planta San Juan,-12.146795,-76.980005,SJN,Planta San Juan,-12.146795,-76.980005,667,1175N47B,9.0,Muro/Placa,2021-02-07 09:00:00,2021-02-07 09:41:17,2021-02-07 10:47:24,2021-02-07 11:07:56,2021-02-07 11:15:32,2021-02-07 11:46:17,41.3,66.1,20.5,7.6,30.8,17.2,2021-02-07 09:00:00,60,124850,C10,1,9,1
245035,2021-02-07 00:00:00,6,6,15679,VELASCO Y ASOCIADOS S.COOP.,OV41,EDIFICIO C. ALBA ROLDÁN,-11.977505508954197,-76.98830681309981,2870813,430-2870813,SJN,Planta San Juan,-12.146795,-76.980005,SJ3,Planta San Juan 3,-12.146795,-76.980005,584,1175N47B,8.2,Muro/Placa,2021-02-07 10:00:00,2021-02-07 10:35:59,2021-02-07 11:56:53,2021-02-07 12:20:55,2021-02-07 12:26:42,2021-02-07 13:08:19,36.0,80.9,24.0,5.8,41.6,17.2,2021-02-07 09:00:00,60,124850,C9,2,9,1
235242,2021-06-25 00:00:00,7,7,20833,MELÉNDEZ & ASOCIADOS S.COOP.,OW59,EDIFICIO CALLE DE APOLONIA CHAMORRO,-12.15919035674673,-76.85116358592796,2901922,435-2901922,ATE,Planta Ate,-12.043333,-76.898056,ATE,Planta Ate,-12.043333,-76.898056,846,1175N47B,7.0,Columna,2021-06-25 15:00:00,2021-06-25 15:29:09,2021-06-25 15:46:26,2021-06-25 16:07:57,2021-06-25 16:10:13,2021-06-25 16:44:43,29.2,17.3,21.5,2.3,34.5,36.6,2021-06-25 15:00:00,20,124850,C10,1,7,1
235242,2021-06-25 00:00:00,7,7,20833,MELÉNDEZ & ASOCIADOS S.COOP.,OW59,EDIFICIO CALLE DE APOLONIA CHAMORRO,-12.15919035674673,-76.85116358592796,2705511,437-2705511,ATE,Planta Ate,-12.043333,-76.898056,ATE,Planta Ate,-12.043333,-76.898056,883,1175N47B,7.0,Columna,2021-06-25 15:20:00,2021-06-25 15:49:58,2021-06-25 17:48:34,2021-06-25 17:57:45,2021-06-25 18:03:35,2021-06-25 18:31:22,30.0,118.6,9.2,5.8,27.8,36.6,2021-06-25 15:00:00,20,124850,C9,2,7,1
235242,2021-06-25 00:00:00,7,7,20833,MELÉNDEZ & ASOCIADOS S.COOP.,OW59,EDIFICIO CALLE DE APOLONIA CHAMORRO,-12.15919035674673,-76.85116358592796,2649641,439-2649641,ATE,Planta Ate,-12.043333,-76.898056,ATE,Planta Ate,-12.043333,-76.898056,787,1175N47B,7.0,Columna,2021-06-25 15:40:00,2021-06-25 16:10:25,2021-06-25 17:46:12,2021-06-25 18:00:02,2021-06-25 18:07:06,2021-06-25 18:35:35,30.4,95.8,13.8,7.1,28.5,36.6,2021-06-25 15:00:00,20,124850,C9,3,7,1
235242,2021-06-25 00:00:00,7,7,20833,MELÉNDEZ & ASOCIADOS S.COOP.,OW59,EDIFICIO CALLE DE APOLONIA CHAMORRO,-12.15919035674673,-76.85116358592796,2428129,402-2428129,ATE,Planta Ate,-12.043333,-76.898056,ATE,Planta Ate,-12.043333,-76.898056,559,1175N47B,7.0,Columna,2021-06-25 16:00:00,2021-06-25 16:25:38,2021-06-25 16:35:07,2021-06-25 16:54:50,2021-06-25 17:04:01,2021-06-25 17:25:50,25.6,9.5,19.7,9.2,21.8,36.6,2021-06-25 15:00:00,20,124850,C8,4,7,1
235242,2021-06-25 00:00:00,7,7,20833,MELÉNDEZ & ASOCIADOS S.COOP.,OW59,EDIFICIO CALLE DE APOLONIA CHAMORRO,-12.15919035674673,-76.85116358592796,2142254,423-2142254,ATE,Planta Ate,-12.043333,-76.898056,ATE,Planta Ate,-12.043333,-76.898056,698,1175N47B,7.0,Columna,2021-06-25 16:20:00,2021-06-25 17:07:23,2021-06-25 17:53:02,2021-06-25 18:08:26,2021-06-25 18:10:19,2021-06-25 19:04:30,47.4,45.7,15.4,1.9,54.2,36.6,2021-06-25 15:00:00,20,124850,C10,5,7,1
235242,2021-06-25 00:00:00,7,7,20833,MELÉNDEZ & ASOCIADOS S.COOP.,OW59,EDIFICIO CALLE DE APOLONIA CHAMORRO,-12.15919035674673,-76.85116358592796,2162029,431-2162029,ATE,Planta Ate,-12.043333,-76.898056,ATE,Planta Ate,-12.043333,-76.898056,712,1175N47B,1.6,Columna,2021-06-25 16:40:00,2021-06-25 17:19:06,2021-06-25 19:10:35,2021-06-25 19:21:04,2021-06-25 19:25:51,2021-06-25 20:07:45,39.1,111.5,10.5,4.8,41.9,36.6,2021-06-25 15:00:00,20,124850,C7,6,7,1
235182,2021-04-28 00:00:00,8,8,7106,FAMILIA TORRENT S.COOP.,PL74,EDIFICIO RAMBLA BELEN GRANDE,-11.969018900473968,-76.99769549761871,2897004,443-2897004,CAL,Planta Callao,-12.066667,-77.15,CAL,Planta Callao,-12.066667,-77.15,685,1210N67B,8.0,Escalera,2021-04-28 09:00:00,2021-04-28 09:58:32,2021-04-28 10:03:27,2021-04-28 10:19:16,2021-04-28 10:24:15,2021-04-28 11:33:03,58.5,4.9,15.8,5.0,68.8,14.4,2021-04-28 09:00:00,45,124993,C7,1,8,1
235182,2021-04-28 00:00:00,8,8,7106,FAMILIA TORRENT S.COOP.,PL74,EDIFICIO RAMBLA BELEN GRANDE,-11.969018900473968,-76.99769549761871,2128093,442-2128093,CAL,Planta Callao,-12.066667,-77.15,CAL,Planta Callao,-12.066667,-77.15,732,1210N67B,6.4,Escalera,2021-04-28 09:45:00,2021-04-28 10:26:01,2021-04-28 12:41:16,2021-04-28 12:57:27,2021-04-28 12:59:00,2021-04-28 13:33:22,41.0,135.3,16.2,1.5,34.4,14.4,2021-04-28 09:00:00,45,124993,C7,2,8,1
240621,2021-05-07 00:00:00,9,9,7638,TALLERES CÁCERES S.L.N.E,OW56,EDIFICIO CALLEJÓN BAUDELIO LAGO,-11.910639061088407,-76.90050034119164,2592002,448-2592002,SJ3,Planta San Juan 3,-12.146795,-76.980005,SJ3,Planta San Juan 3,-12.146795,-76.980005,605,1210N57B,8.0,Viga,2021-05-07 08:00:00,2021-05-07 09:11:04,2021-05-07 09:14:16,2021-05-07 09:35:30,2021-05-07 09:38:42,2021-05-07 10:32:55,71.1,3.2,21.2,3.2,54.2,44.9,2021-05-07 08:00:00,20,125069,C7,1,8,1
240621,2021-05-07 00:00:00,9,9,7638,TALLERES CÁCERES S.L.N.E,OW56,EDIFICIO CALLEJÓN BAUDELIO LAGO,-11.910639061088407,-76.90050034119164,2826952,417-2826952,SJ3,Planta San Juan 3,-12.146795,-76.980005,SJ3,Planta San Juan 3,-12.146795,-76.980005,805,1210N57B,8.0,Viga,2021-05-07 08:20:00,2021-05-07 09:29:47,2021-05-07 10:57:44,2021-05-07 11:19:19,2021-05-07 11:22:24,2021-05-07 12:38:17,69.8,88.0,21.6,3.1,75.9,44.9,2021-05-07 08:00:00,20,125069,C7,2,8,1
240621,2021-05-07 00:00:00,9,9,7638,TALLERES CÁCERES S.L.N.E,OW56,EDIFICIO CALLEJÓN BAUDELIO LAGO,-11.910639061088407,-76.90050034119164,2693169,400-2693169,SJ3,Planta San Juan 3,-12.146795,-76.980005,SJ3,Planta San Juan 3,-12.146795,-76.980005,513,1210N57B,8.0,Viga,2021-05-07 08:40:00,2021-05-07 09:58:54,2021-05-07 10:20:37,2021-05-07 10:33:18,2021-05-07 10:36:33,2021-05-07 11:38:41,78.9,21.7,12.7,3.3,62.1,44.9,2021-05-07 08:00:00,20,125069,C8,3,8,1
240621,2021-05-07 00:00:00,9,9,7638,TALLERES CÁCERES S.L.N.E,OW56,EDIFICIO CALLEJÓN BAUDELIO LAGO,-11.910639061088407,-76.90050034119164,2132915,433-2132915,SJ3,Planta San Juan 3,-12.146795,-76.980005,SJ3,Planta San Juan 3,-12.146795,-76.980005,879,1210N57B,8.0,Viga,2021-05-07 09:00:00,2021-05-07 10:03:54,2021-05-07 12:02:10,2021-05-07 12:20:49,2021-05-07 12:21:58,2021-05-07 13:15:11,63.9,118.3,18.7,1.1,53.2,44.9,2021-05-07 08:00:00,20,125069,C10,4,8,1
240621,2021-05-07 00:00:00,9,9,7638,TALLERES CÁCERES S.L.N.E,OW56,EDIFICIO CALLEJÓN BAUDELIO LAGO,-11.910639061088407,-76.90050034119164,2473962,439-2473962,SJ3,Planta San Juan 3,-12.146795,-76.980005,SJ3,Planta San Juan 3,-12.146795,-76.980005,757,1210N57B,8.0,Viga,2021-05-07 09:20:00,2021-05-07 10:16:34,2021-05-07 10:26:06,2021-05-07 10:42:56,2021-05-07 10:47:11,2021-05-07 11:43:35,56.6,9.5,16.8,4.3,56.4,44.9,2021-05-07 08:00:00,20,125069,C8,5,8,1
240621,2021-05-07 00:00:00,9,9,7638,TALLERES CÁCERES S.L.N.E,OW56,EDIFICIO CALLEJÓN BAUDELIO LAGO,-11.910639061088407,-76.90050034119164,2032663,425-2032663,SJ3,Planta San Juan 3,-12.146795,-76.980005,SJ3,Planta San Juan 3,-12.146795,-76.980005,531,1210N57B,4.9,Viga,2021-05-07 09:40:00,2021-05-07 10:34:27,2021-05-07 12:31:56,2021-05-07 12:48:01,2021-05-07 12:53:42,2021-05-07 13:44:18,54.5,117.5,16.1,5.7,50.6,44.9,2021-05-07 08:00:00,20,125069,C10,6,8,1
234120,2021-02-03 00:00:00,10,10,22574,MARTORELL Y QUEVEDO S.A.,OV43,EDIFICIO CALLEJÓN DE SAMUEL SERRA,-12.086163106290872,-76.96802182475521,2068872,439-2068872,VSM,Planta Villa El Salvador,-12.210833,-76.941111,VSM,Planta Villa El Salvador,-12.210833,-76.941111,564,1280N67B,9.0,Zapata,2021-02-03 12:00:00,2021-02-03 12:34:52,2021-02-03 14:51:20,2021-02-03 15:05:17,2021-02-03 15:07:01,2021-02-03 15:42:02,34.9,136.5,14.0,1.7,35.0,24.8,2021-02-03 12:00:00,30,124699,C9,1,9,1
234120,2021-02-03 00:00:00,10,10,22574,MARTORELL Y QUEVEDO S.A.,OV43,EDIFICIO CALLEJÓN DE SAMUEL SERRA,-12.086163106290872,-76.96802182475521,2475755,406-2475755,VSM,Planta Villa El Salvador,-12.210833,-76.941111,VSM,Planta Villa El Salvador,-12.210833,-76.941111,758,1280N67B,9.0,Zapata,2021-02-03 12:30:00,2021-02-03 13:09:09,2021-02-03 14:31:25,2021-02-03 14:48:38,2021-02-03 14:58:35,2021-02-03 15:36:24,39.2,82.3,17.2,10.0,37.8,24.8,2021-02-03 12:00:00,30,124699,C10,2,9,1
234120,2021-02-03 00:00:00,10,10,22574,MARTORELL Y QUEVEDO S.A.,OV43,EDIFICIO CALLEJÓN DE SAMUEL SERRA,-12.086163106290872,-76.96802182475521,2907534,428-2907534,VSM,Planta Villa El Salvador,-12.210833,-76.941111,VSM,Planta Villa El Salvador,-12.210833,-76.941111,610,1280N67B,6.8,Zapata,2021-02-03 13:00:00,2021-02-03 13:43:57,2021-02-03 14:01:07,2021-02-03 14:18:14,2021-02-03 14:27:08,2021-02-03 15:10:02,44.0,17.2,17.1,8.9,42.9,24.8,2021-02-03 12:00:00,30,124699,C10,3,9,1
241078,2021-01-07 00:00:00,11,11,14540,GLORIA SARMIENTO SAINZ S.L.,OV10,EDIFICIO CALLEJÓN ROMÁN QUINTANILLA,-12.314503456995483,-76.96066911281896,2267271,443-2267271,SJ3,Planta San Juan 3,-12.146795,-76.980005,SJ3,Planta San Juan 3,-12.146795,-76.980005,691,1280N67B,9.0,Losa,2021-01-07 10:00:00,2021-01-07 10:56:35,2021-01-07 11:56:23,2021-01-07 12:18:52,2021-01-07 12:22:41,2021-01-07 13:11:08,56.6,59.8,22.5,3.8,48.5,11.0,2021-01-07 10:00:00,20,124699,C8,1,9,1
241078,2021-01-07 00:00:00,11,11,14540,GLORIA SARMIENTO SAINZ S.L.,OV10,EDIFICIO CALLEJÓN ROMÁN QUINTANILLA,-12.314503456995483,-76.96066911281896,2774683,435-2774683,SJ3,Planta San Juan 3,-12.146795,-76.980005,SJ3,Planta San Juan 3,-12.146795,-76.980005,690,1280N67B,2.0,Losa,2021-01-07 10:20:00,2021-01-07 11:19:27,2021-01-07 11:29:31,2021-01-07 11:39:20,2021-01-07 11:41:10,2021-01-07 12:25:39,59.5,10.1,9.8,1.8,44.5,11.0,2021-01-07 10:00:00,20,124699,C8,2,9,1
248711,2021-05-29 00:00:00,12,12,22488,HNOS MARTI S.L.,OV70,EDIFICIO CALLEJÓN CASEMIRO QUINTANILLA,-11.946251501116677,-77.09287702569144,2786730,418-2786730,SJN,Planta San Juan,-12.146795,-76.980005,SJN,Planta San Juan,-12.146795,-76.980005,716,1210N67B,9.0,Escalera,2021-05-29 14:00:00,2021-05-29 15:03:32,2021-05-29 15:52:59,2021-05-29 16:07:34,2021-05-29 16:11:45,2021-05-29 17:17:22,63.5,49.4,14.6,4.2,65.6,25.8,2021-05-29 14:00:00,60,124993,C7,1,9,1
248711,2021-05-29 00:00:00,12,12,22488,HNOS MARTI S.L.,OV70,EDIFICIO CALLEJÓN CASEMIRO QUINTANILLA,-11.946251501116677,-77.09287702569144,2235137,435-2235137,SJN,Planta San Juan,-12.146795,-76.980005,SJN,Planta San Juan,-12.146795,-76.980005,555,1210N67B,9.0,Escalera,2021-05-29 15:00:00,2021-05-29 16:04:42,2021-05-29 16:57:27,2021-05-29 17:17:57,2021-05-29 17:20:52,2021-05-29 18:27:25,64.7,52.7,20.5,2.9,66.5,25.8,2021-05-29 14:00:00,60,124993,C9,2,9,1
248711,2021-05-29 00:00:00,12,12,22488,HNOS MARTI S.L.,OV70,EDIFICIO CALLEJÓN CASEMIRO QUINTANILLA,-11.946251501116677,-77.09287702569144,2804711,438-2804711,SJN,Planta San Juan,-12.146795,-76.980005,SJN,Planta San Juan,-12.146795,-76.980005,818,1210N67B,7.8,Escalera,2021-05-29 16:00:00,2021-05-29 16:57:43,2021-05-29 18:52:06,2021-05-29 19:10:10,2021-05-29 19:18:26,2021-05-29 20:23:13,57.7,114.4,18.1,8.3,64.8,25.8,2021-05-29 14:00:00,60,124993,C7,3,9,1
231986,2021-04-15 00:00:00,13,13,18118,SOLUCIONES MOLINER Y ASOCIADOS S.A.,OW41,EDIFICIO CUESTA DE CRISTINA RODRIGO,-12.254204963929173,-76.9891142738269,2150210,404-2150210,ATE,Planta Ate,-12.043333,-76.898056,ATE,Planta Ate,-12.043333,-76.898056,789,1280N67B,9.0,Muro/Placa,2021-04-15 08:00:00,2021-04-15 08:55:31,2021-04-15 10:49:53,2021-04-15 11:14:52,2021-04-15 11:19:01,2021-04-15 12:02:56,55.5,114.4,25.0,4.2,43.9,27.4,2021-04-15 08:00:00,30,124699,C10,1,9,1
231986,2021-04-15 00:00:00,13,13,18118,SOLUCIONES MOLINER Y ASOCIADOS S.A.,OW41,EDIFICIO CUESTA DE CRISTINA RODRIGO,-12.254204963929173,-76.9891142738269,2440226,410-2440226,ATE,Planta Ate,-12.043333,-76.898056,ATE,Planta Ate,-12.043333,-76.898056,732,1280N67B,9.0,Muro/Placa,2021-04-15 08:30:00,2021-04-15 09:21:35,2021-04-15 10:56:33,2021-04-15 11:09:57,2021-04-15 11:17:40,2021-04-15 11:59:20,51.6,95.0,13.4,7.7,41.7,27.4,2021-04-15 08:00:00,30,124699,C9,2,9,1
231986,2021-04-15 00:00:00,13,13,18118,SOLUCIONES MOLINER Y ASOCIADOS S.A.,OW41,EDIFICIO CUESTA DE CRISTINA RODRIGO,-12.254204963929173,-76.9891142738269,2055164,448-2055164,ATE,Planta Ate,-12.043333,-76.898056,ATE,Planta Ate,-12.043333,-76.898056,579,1280N67B,9.0,Muro/Placa,2021-04-15 09:00:00,2021-04-15 09:58:26,2021-04-15 11:46:40,2021-04-15 12:09:46,2021-04-15 12:15:52,2021-04-15 12:59:16,58.4,108.2,23.1,6.1,43.4,27.4,2021-04-15 08:00:00,30,124699,C8,3,9,1
231986,2021-04-15 00:00:00,13,13,18118,SOLUCIONES MOLINER Y ASOCIADOS S.A.,OW41,EDIFICIO CUESTA DE CRISTINA RODRIGO,-12.254204963929173,-76.9891142738269,2463516,413-2463516,ATE,Planta Ate,-12.043333,-76.898056,ATE,Planta Ate,-12.043333,-76.898056,712,1280N67B,0.5,Muro/Placa,2021-04-15 09:30:00,2021-04-15 10:35:52,2021-04-15 12:16:57,2021-04-15 12:21:57,2021-04-15 12:28:55,2021-04-15 13:31:01,65.9,101.1,5.0,7.0,62.1,27.4,2021-04-15 08:00:00,30,124699,C9,4,9,1
247713,2021-01-05 00:00:00,14,14,10056,SOLUCIONES HOYOS S.L.N.E,OV31,EDIFICIO PASADIZO GABINO HOZ,-12.146792971023764,-77.00559247460869,2047623,438-2047623,CAL,Planta Callao,-12.066667,-77.15,CAL,Planta Callao,-12.066667,-77.15,612,1350N77B,8.1,Losa,2021-01-05 13:00:00,2021-01-05 13:38:34,2021-01-05 14:21:03,2021-01-05 14:41:04,2021-01-05 14:46:27,2021-01-05 15:26:19,38.6,42.5,20.0,5.4,39.9,8.1,2021-01-05 13:00:00,30,125001,C10,1,10,1
248211,2021-06-20 00:00:00,15,15,22947,FÁBRICA POZA & ASOCIADOS S.A.,OV34,EDIFICIO PASEO DE CUSTODIA AGUADO,-12.201646087252717,-76.85938719050925,2008105,411-2008105,SJN,Planta San Juan,-12.146795,-76.980005,SJN,Planta San Juan,-12.146795,-76.980005,754,1175N47B,9.0,Escalera,2021-06-20 16:00:00,2021-06-20 16:26:18,2021-06-20 16:57:59,2021-06-20 17:12:46,2021-06-20 17:16:04,2021-06-20 17:38:48,26.3,31.7,14.8,3.3,22.7,10.4,2021-06-20 16:00:00,20,124850,C10,1,9,1
248211,2021-06-20 00:00:00,15,15,22947,FÁBRICA POZA & ASOCIADOS S.A.,OV34,EDIFICIO PASEO DE CUSTODIA AGUADO,-12.201646087252717,-76.85938719050925,2371371,447-2371371,SJN,Planta San Juan,-12.146795,-76.980005,SJN,Planta San Juan,-12.146795,-76.980005,536,1175N47B,1.4,Escalera,2021-06-20 16:20:00,2021-06-20 16:41:08,2021-06-20 18:01:01,2021-06-20 18:06:01,2021-06-20 18:12:03,2021-06-20 18:33:55,21.1,79.9,5.0,6.0,21.9,10.4,2021-06-20 16:00:00,20,124850,C10,2,9,1
246640,2021-01-22 00:00:00,16,16,13089,BANCA PRIVADA OJ S.L.,OW86,EDIFICIO URBANIZACIÓN DE LORETO ARIZA,-12.316019568312122,-76.89145423940896,2671237,407-2671237,SJN,Planta San Juan,-12.146795,-76.980005,SJN,Planta San Juan,-12.146795,-76.980005,713,1350N77B,7.0,Losa,2021-01-22 13:00:00,2021-01-22 13:50:11,2021-01-22 14:01:52,2021-01-22 14:14:56,2021-01-22 14:19:48,2021-01-22 15:05:04,50.2,11.7,13.1,4.9,45.3,34.0,2021-01-22 13:00:00,30,125001,C9,1,7,1
246640,2021-01-22 00:00:00,16,16,13089,BANCA PRIVADA OJ S.L.,OW86,EDIFICIO URBANIZACIÓN DE LORETO ARIZA,-12.316019568312122,-76.89145423940896,2723108,427-2723108,SJN,Planta San Juan,-12.146795,-76.980005,SJN,Planta San Juan,-12.146795,-76.980005,685,1350N77B,7.0,Losa,2021-01-22 13:30:00,2021-01-22 14:18:32,2021-01-22 16:43:28,2021-01-22 16:54:42,2021-01-22 17:04:14,2021-01-22 17:49:23,48.5,144.9,11.2,9.5,45.2,34.0,2021-01-22 13:00:00,30,125001,C7,2,7,1
246640,2021-01-22 00:00:00,16,16,13089,BANCA PRIVADA OJ S.L.,OW86,EDIFICIO URBANIZACIÓN DE LORETO ARIZA,-12.316019568312122,-76.89145423940896,2325346,414-2325346,SJN,Planta San Juan,-12.146795,-76.980005,SJN,Planta San Juan,-12.146795,-76.980005,881,1350N77B,7.0,Losa,2021-01-22 14:00:00,2021-01-22 15:01:43,2021-01-22 15:38:13,2021-01-22 15:54:52,2021-01-22 16:00:35,2021-01-22 16:56:01,61.7,36.5,16.7,5.7,55.4,34.0,2021-01-22 13:00:00,30,125001,C9,3,7,1
246640,2021-01-22 00:00:00,16,16,13089,BANCA PRIVADA OJ S.L.,OW86,EDIFICIO URBANIZACIÓN DE LORETO ARIZA,-12.316019568312122,-76.89145423940896,2949928,422-2949928,SJN,Planta San Juan,-12.146795,-76.980005,SJN,Planta San Juan,-12.146795,-76.980005,897,1350N77B,7.0,Losa,2021-01-22 14:30:00,2021-01-22 15:16:23,2021-01-22 15:41:36,2021-01-22 15:57:14,2021-01-22 15:59:16,2021-01-22 16:43:34,46.4,25.2,15.6,2.0,44.3,34.0,2021-01-22 13:00:00,30,125001,C9,4,7,1
246640,2021-01-22 00:00:00,16,16,13089,BANCA PRIVADA OJ S.L.,OW86,EDIFICIO URBANIZACIÓN DE LORETO ARIZA,-12.316019568312122,-76.89145423940896,2206854,448-2206854,SJN,Planta San Juan,-12.146795,-76.980005,SJN,Planta San Juan,-12.146795,-76.980005,588,1350N77B,6.0,Losa,2021-01-22 15:00:00,2021-01-22 15:58:13,2021-01-22 18:01:03,2021-01-22 18:18:39,2021-01-22 18:21:46,2021-01-22 19:06:47,58.2,122.8,17.6,3.1,45.0,34.0,2021-01-22 13:00:00,30,125001,C8,5,7,1
240295,2021-03-04 00:00:00,17,17,15703,ACUÑA Y ASOCIADOS S.L.N.E,PU26,EDIFICIO AVENIDA CRISTINA RIBES,-12.014154888520014,-77.06000087606037,2969045,440-2969045,SJN,Planta San Juan,-12.146795,-76.980005,SJN,Planta San Juan,-12.146795,-76.980005,789,1210N57B,10.0,Losa,2021-03-04 16:00:00,2021-03-04 16:49:32,2021-03-04 18:03:39,2021-03-04 18:28:28,2021-03-04 18:36:18,2021-03-04 19:22:06,49.5,74.1,24.8,7.8,45.8,34.1,2021-03-04 16:00:00,20,125069,C9,1,10,1
240295,2021-03-04 00:00:00,17,17,15703,ACUÑA Y ASOCIADOS S.L.N.E,PU26,EDIFICIO AVENIDA CRISTINA RIBES,-12.014154888520014,-77.06000087606037,2620148,432-2620148,SJN,Planta San Juan,-12.146795,-76.980005,SJN,Planta San Juan,-12.146795,-76.980005,528,1210N57B,10.0,Losa,2021-03-04 16:20:00,2021-03-04 16:55:50,2021-03-04 18:01:48,2021-03-04 18:22:54,2021-03-04 18:29:35,2021-03-04 19:08:57,35.8,66.0,21.1,6.7,39.4,34.1,2021-03-04 16:00:00,20,125069,C9,2,10,1
240295,2021-03-04 00:00:00,17,17,15703,ACUÑA Y ASOCIADOS S.L.N.E,PU26,EDIFICIO AVENIDA CRISTINA RIBES,-12.014154888520014,-77.06000087606037,2675981,429-2675981,SJN,Planta San Juan,-12.146795,-76.980005,SJN,Planta San Juan,-12.146795,-76.980005,546,1210N57B,10.0,Losa,2021-03-04 16:40:00,2021-03-04 17:08:35,2021-03-04 18:17:50,2021-03-04 18:33:20,2021-03-04 18:37:39,2021-03-04 19:01:46,28.6,69.3,15.5,4.3,24.1,34.1,2021-03-04 16:00:00,20,125069,C10,3,10,1
240295,2021-03-04 00:00:00,17,17,15703,ACUÑA Y ASOCIADOS S.L.N.E,PU26,EDIFICIO AVENIDA CRISTINA RIBES,-12.014154888520014,-77.06000087606037,2599425,420-2599425,SJN,Planta San Juan,-12.146795,-76.980005,SJN,Planta San Juan,-12.146795,-76.980005,833,1210N57B,4.1,Losa,2021-03-04 17:00:00,2021-03-04 17:43:46,2021-03-04 20:06:54,2021-03-04 20:19:42,2021-03-04 20:21:04,2021-03-04 21:11:37,43.8,143.1,12.8,1.4,50.5,34.1,2021-03-04 16:00:00,20,125069,C8,4,10,1
241436,2021-01-19 00:00:00,18,18,15004,RESTAURACIÓN IBERIA S.L.,PL46,EDIFICIO RONDA LUIS ÁNGEL ELÍAS,-12.271126583821383,-76.89987651360805,2749014,402-2749014,CAL,Planta Callao,-12.066667,-77.15,CAL,Planta Callao,-12.066667,-77.15,543,1210N57B,9.0,Zapata,2021-01-19 08:00:00,2021-01-19 09:11:22,2021-01-19 09:20:39,2021-01-19 09:35:00,2021-01-19 09:44:05,2021-01-19 10:46:19,71.4,9.3,14.3,9.1,62.2,47.1,2021-01-19 08:00:00,20,125069,C8,1,9,1
241436,2021-01-19 00:00:00,18,18,15004,RESTAURACIÓN IBERIA S.L.,PL46,EDIFICIO RONDA LUIS ÁNGEL ELÍAS,-12.271126583821383,-76.89987651360805,2390963,426-2390963,CAL,Planta Callao,-12.066667,-77.15,CAL,Planta Callao,-12.066667,-77.15,644,1210N57B,9.0,Zapata,2021-01-19 08:20:00,2021-01-19 09:34:17,2021-01-19 10:39:56,2021-01-19 10:58:39,2021-01-19 11:04:21,2021-01-19 12:02:15,74.3,65.7,18.7,5.7,57.9,47.1,2021-01-19 08:00:00,20,125069,C10,2,9,1
241436,2021-01-19 00:00:00,18,18,15004,RESTAURACIÓN IBERIA S.L.,PL46,EDIFICIO RONDA LUIS ÁNGEL ELÍAS,-12.271126583821383,-76.89987651360805,2345705,418-2345705,CAL,Planta Callao,-12.066667,-77.15,CAL,Planta Callao,-12.066667,-77.15,548,1210N57B,9.0,Zapata,2021-01-19 08:40:00,2021-01-19 10:10:05,2021-01-19 11:51:55,2021-01-19 12:05:36,2021-01-19 12:12:16,2021-01-19 13:30:24,90.1,101.8,13.7,6.7,78.1,47.1,2021-01-19 08:00:00,20,125069,C10,3,9,1
241436,2021-01-19 00:00:00,18,18,15004,RESTAURACIÓN IBERIA S.L.,PL46,EDIFICIO RONDA LUIS ÁNGEL ELÍAS,-12.271126583821383,-76.89987651360805,2085461,422-2085461,CAL,Planta Callao,-12.066667,-77.15,CAL,Planta Callao,-12.066667,-77.15,798,1210N57B,9.0,Zapata,2021-01-19 09:00:00,2021-01-19 10:14:24,2021-01-19 12:22:08,2021-01-19 12:47:41,2021-01-19 12:54:06,2021-01-19 13:51:47,74.4,127.7,25.5,6.4,57.7,47.1,2021-01-19 08:00:00,20,125069,C8,4,9,1
241436,2021-01-19 00:00:00,18,18,15004,RESTAURACIÓN IBERIA S.L.,PL46,EDIFICIO RONDA LUIS ÁNGEL ELÍAS,-12.271126583821383,-76.89987651360805,2088834,441-2088834,CAL,Planta Callao,-12.066667,-77.15,CAL,Planta Callao,-12.066667,-77.15,658,1210N57B,9.0,Zapata,2021-01-19 09:20:00,2021-01-19 10:36:09,2021-01-19 12:14:34,2021-01-19 12:36:10,2021-01-19 12:38:20,2021-01-19 13:58:38,76.2,98.4,21.6,2.2,80.3,47.1,2021-01-19 08:00:00,20,125069,C10,5,9,1
241436,2021-01-19 00:00:00,18,18,15004,RESTAURACIÓN IBERIA S.L.,PL46,EDIFICIO RONDA LUIS ÁNGEL ELÍAS,-12.271126583821383,-76.89987651360805,2718709,441-2718709,CAL,Planta Callao,-12.066667,-77.15,CAL,Planta Callao,-12.066667,-77.15,769,1210N57B,2.1,Zapata,2021-01-19 09:40:00,2021-01-19 11:10:36,2021-01-19 13:12:34,2021-01-19 13:20:29,2021-01-19 13:28:57,2021-01-19 15:05:50,90.6,122.0,7.9,8.5,96.9,47.1,2021-01-19 08:00:00,20,125069,C7,6,9,1
248128,2021-02-10 00:00:00,19,19,15924,ALBA Y RIBA S.L.,PL87,EDIFICIO CALLE DE ALEX TAMAYO,-12.244685172596528,-77.04713591366202,2201332,409-2201332,VSM,Planta Villa El Salvador,-12.210833,-76.941111,VSM,Planta Villa El Salvador,-12.210833,-76.941111,615,1210N57B,9.0,Zapata,2021-02-10 07:00:00,2021-02-10 07:12:15,2021-02-10 07:58:35,2021-02-10 08:23:57,2021-02-10 08:28:01,2021-02-10 08:41:18,12.3,46.3,25.4,4.1,13.3,46.0,2021-02-10 07:00:00,60,125069,C8,1,9,1
248128,2021-02-10 00:00:00,19,19,15924,ALBA Y RIBA S.L.,PL87,EDIFICIO CALLE DE ALEX TAMAYO,-12.244685172596528,-77.04713591366202,2926607,442-2926607,VSM,Planta Villa El Salvador,-12.210833,-76.941111,VSM,Planta Villa El Salvador,-12.210833,-76.941111,769,1210N57B,9.0,Zapata,2021-02-10 08:00:00,2021-02-10 08:14:01,2021-02-10 10:20:41,2021-02-10 10:35:00,2021-02-10 10:42:56,2021-02-10 10:58:37,14.0,126.7,14.3,7.9,15.7,46.0,2021-02-10 07:00:00,60,125069,C7,2,9,1
248128,2021-02-10 00:00:00,19,19,15924,ALBA Y RIBA S.L.,PL87,EDIFICIO CALLE DE ALEX TAMAYO,-12.244685172596528,-77.04713591366202,2871728,446-2871728,VSM,Planta Villa El Salvador,-12.210833,-76.941111,VSM,Planta Villa El Salvador,-12.210833,-76.941111,854,1210N57B,9.0,Zapata,2021-02-10 09:00:00,2021-02-10 09:21:49,2021-02-10 11:16:45,2021-02-10 11:31:28,2021-02-10 11:35:51,2021-02-10 11:52:54,21.8,114.9,14.7,4.4,17.0,46.0,2021-02-10 07:00:00,60,125069,C8,3,9,1
248128,2021-02-10 00:00:00,19,19,15924,ALBA Y RIBA S.L.,PL87,EDIFICIO CALLE DE ALEX TAMAYO,-12.244685172596528,-77.04713591366202,2298768,414-2298768,VSM,Planta Villa El Salvador,-12.210833,-76.941111,VSM,Planta Villa El Salvador,-12.210833,-76.941111,885,1210N57B,9.0,Zapata,2021-02-10 10:00:00,2021-02-10 10:24:50,2021-02-10 11:26:28,2021-02-10 11:48:15,2021-02-10 11:51:24,2021-02-10 12:14:18,24.8,61.6,21.8,3.1,22.9,46.0,2021-02-10 07:00:00,60,125069,C10,4,9,1
248128,2021-02-10 00:00:00,19,19,15924,ALBA Y RIBA S.L.,PL87,EDIFICIO CALLE DE ALEX TAMAYO,-12.244685172596528,-77.04713591366202,2385709,429-2385709,VSM,Planta Villa El Salvador,-12.210833,-76.941111,VSM,Planta Villa El Salvador,-12.210833,-76.941111,847,1210N57B,9.0,Zapata,2021-02-10 11:00:00,2021-02-10 11:27:44,2021-02-10 12:14:09,2021-02-10 12:37:40,2021-02-10 12:42:53,2021-02-10 13:13:53,27.7,46.4,23.5,5.2,31.0,46.0,2021-02-10 07:00:00,60,125069,C10,5,9,1
248128,2021-02-10 00:00:00,19,19,15924,ALBA Y RIBA S.L.,PL87,EDIFICIO CALLE DE ALEX TAMAYO,-12.244685172596528,-77.04713591366202,2209398,416-2209398,VSM,Planta Villa El Salvador,-12.210833,-76.941111,VSM,Planta Villa El Salvador,-12.210833,-76.941111,809,1210N57B,1.0,Zapata,2021-02-10 12:00:00,2021-02-10 12:34:47,2021-02-10 14:31:30,2021-02-10 14:36:30,2021-02-10 14:41:17,2021-02-10 15:08:27,34.8,116.7,5.0,4.8,27.2,46.0,2021-02-10 07:00:00,60,125069,C8,6,9,1
234286,2021-06-14 00:00:00,20,20,15583,PALMER Y APARICIO S.L.L.,OV66,EDIFICIO VIA RUPERTA RIBERA,-12.074159789436804,-77.0216939243058,2298910,417-2298910,SJN,Planta San Juan,-12.146795,-76.980005,SJN,Planta San Juan,-12.146795,-76.980005,542,1210N67B,8.0,Losa,2021-06-14 12:00:00,2021-06-14 12:33:39,2021-06-14 13:56:49,2021-06-14 14:09:09,2021-06-14 14:17:46,2021-06-14 14:55:39,33.7,83.2,12.3,8.6,37.9,30.9,2021-06-14 12:00:00,20,124993,C8,1,8,1
234286,2021-06-14 00:00:00,20,20,15583,PALMER Y APARICIO S.L.L.,OV66,EDIFICIO VIA RUPERTA RIBERA,-12.074159789436804,-77.0216939243058,2856375,401-2856375,SJN,Planta San Juan,-12.146795,-76.980005,SJN,Planta San Juan,-12.146795,-76.980005,730,1210N67B,8.0,Losa,2021-06-14 12:20:00,2021-06-14 12:40:54,2021-06-14 13:57:54,2021-06-14 14:19:42,2021-06-14 14:21:32,2021-06-14 14:45:41,20.9,77.0,21.8,1.8,24.2,30.9,2021-06-14 12:00:00,20,124993,C9,2,8,1
234286,2021-06-14 00:00:00,20,20,15583,PALMER Y APARICIO S.L.L.,OV66,EDIFICIO VIA RUPERTA RIBERA,-12.074159789436804,-77.0216939243058,2235445,406-2235445,SJN,Planta San Juan,-12.146795,-76.980005,SJN,Planta San Juan,-12.146795,-76.980005,514,1210N67B,8.0,Losa,2021-06-14 12:40:00,2021-06-14 12:59:52,2021-06-14 13:59:20,2021-06-14 14:15:12,2021-06-14 14:19:40,2021-06-14 14:34:24,19.9,59.5,15.9,4.5,14.7,30.9,2021-06-14 12:00:00,20,124993,C9,3,8,1
234286,2021-06-14 00:00:00,20,20,15583,PALMER Y APARICIO S.L.L.,OV66,EDIFICIO VIA RUPERTA RIBERA,-12.074159789436804,-77.0216939243058,2870068,448-2870068,SJN,Planta San Juan,-12.146795,-76.980005,SJN,Planta San Juan,-12.146795,-76.980005,741,1210N67B,6.9,Losa,2021-06-14 13:00:00,2021-06-14 13:32:36,2021-06-14 15:10:05,2021-06-14 15:29:11,2021-06-14 15:31:25,2021-06-14 15:58:55,32.6,97.5,19.1,2.2,27.5,30.9,2021-06-14 12:00:00,20,124993,C8,4,8,1
231307,2021-04-03 00:00:00,21,21,13883,MOLINER & ASOCIADOS S.L.N.E,OV95,EDIFICIO ACCESO VALERO VILLALONGA,-12.298603189164107,-76.91596512743857,2762560,407-2762560,VSM,Planta Villa El Salvador,-12.210833,-76.941111,VSM,Planta Villa El Salvador,-12.210833,-76.941111,811,1350N77B,8.0,Zapata,2021-04-03 09:00:00,2021-04-03 09:10:13,2021-04-03 09:22:06,2021-04-03 09:36:26,2021-04-03 09:44:57,2021-04-03 09:54:57,10.2,11.9,14.3,8.5,10.0,44.3,2021-04-03 09:00:00,30,125001,C10,1,8,1
231307,2021-04-03 00:00:00,21,21,13883,MOLINER & ASOCIADOS S.L.N.E,OV95,EDIFICIO ACCESO VALERO VILLALONGA,-12.298603189164107,-76.91596512743857,2653064,407-2653064,VSM,Planta Villa El Salvador,-12.210833,-76.941111,VSM,Planta Villa El Salvador,-12.210833,-76.941111,734,1350N77B,8.0,Zapata,2021-04-03 09:30:00,2021-04-03 10:03:21,2021-04-03 10:38:59,2021-04-03 10:51:34,2021-04-03 10:54:43,2021-04-03 11:28:43,33.4,35.6,12.6,3.1,34.0,44.3,2021-04-03 09:00:00,30,125001,C7,2,8,1
231307,2021-04-03 00:00:00,21,21,13883,MOLINER & ASOCIADOS S.L.N.E,OV95,EDIFICIO ACCESO VALERO VILLALONGA,-12.298603189164107,-76.91596512743857,2753448,427-2753448,VSM,Planta Villa El Salvador,-12.210833,-76.941111,VSM,Planta Villa El Salvador,-12.210833,-76.941111,573,1350N77B,8.0,Zapata,2021-04-03 10:00:00,2021-04-03 10:35:10,2021-04-03 11:50:08,2021-04-03 12:08:06,2021-04-03 12:14:47,2021-04-03 12:49:31,35.2,75.0,18.0,6.7,34.7,44.3,2021-04-03 09:00:00,30,125001,C9,3,8,1
231307,2021-04-03 00:00:00,21,21,13883,MOLINER & ASOCIADOS S.L.N.E,OV95,EDIFICIO ACCESO VALERO VILLALONGA,-12.298603189164107,-76.91596512743857,2548913,433-2548913,VSM,Planta Villa El Salvador,-12.210833,-76.941111,VSM,Planta Villa El Salvador,-12.210833,-76.941111,684,1350N77B,8.0,Zapata,2021-04-03 10:30:00,2021-04-03 10:40:06,2021-04-03 11:33:02,2021-04-03 11:51:27,2021-04-03 11:54:08,2021-04-03 12:04:36,10.1,52.9,18.4,2.7,10.5,44.3,2021-04-03 09:00:00,30,125001,C7,4,8,1
231307,2021-04-03 00:00:00,21,21,13883,MOLINER & ASOCIADOS S.L.N.E,OV95,EDIFICIO ACCESO VALERO VILLALONGA,-12.298603189164107,-76.91596512743857,2045649,423-2045649,VSM,Planta Villa El Salvador,-12.210833,-76.941111,VSM,Planta Villa El Salvador,-12.210833,-76.941111,825,1350N77B,8.0,Zapata,2021-04-03 11:00:00,2021-04-03 11:26:23,2021-04-03 13:24:21,2021-04-03 13:41:57,2021-04-03 13:43:08,2021-04-03 14:13:07,26.4,118.0,17.6,1.2,30.0,44.3,2021-04-03 09:00:00,30,125001,C10,5,8,1
231307,2021-04-03 00:00:00,21,21,13883,MOLINER & ASOCIADOS S.L.N.E,OV95,EDIFICIO ACCESO VALERO VILLALONGA,-12.298603189164107,-76.91596512743857,2658775,408-2658775,VSM,Planta Villa El Salvador,-12.210833,-76.941111,VSM,Planta Villa El Salvador,-12.210833,-76.941111,553,1350N77B,4.3,Zapata,2021-04-03 11:30:00,2021-04-03 11:47:40,2021-04-03 11:50:06,2021-04-03 12:03:57,2021-04-03 12:08:04,2021-04-03 12:26:55,17.7,2.4,13.9,4.1,18.9,44.3,2021-04-03 09:00:00,30,125001,C9,6,8,1
243491,2021-06-22 00:00:00,22,22,15131,GÓMEZ Y ROCHA S.L.N.E,PL30,EDIFICIO ALAMEDA DE OCTAVIO CID,-11.956312745432264,-77.11757131207912,2501776,408-2501776,SJN,Planta San Juan,-12.146795,-76.980005,SJN,Planta San Juan,-12.146795,-76.980005,823,1210N67B,8.0,Muro/Placa,2021-06-22 14:00:00,2021-06-22 14:57:10,2021-06-22 16:33:35,2021-06-22 16:55:23,2021-06-22 17:02:33,2021-06-22 18:10:37,57.2,96.4,21.8,7.2,68.1,42.3,2021-06-22 14:00:00,30,124993,C8,1,8,1
243491,2021-06-22 00:00:00,22,22,15131,GÓMEZ Y ROCHA S.L.N.E,PL30,EDIFICIO ALAMEDA DE OCTAVIO CID,-11.956312745432264,-77.11757131207912,2209159,419-2209159,SJN,Planta San Juan,-12.146795,-76.980005,SJN,Planta San Juan,-12.146795,-76.980005,521,1210N67B,8.0,Muro/Placa,2021-06-22 14:30:00,2021-06-22 15:18:55,2021-06-22 17:15:20,2021-06-22 17:32:17,2021-06-22 17:35:56,2021-06-22 18:11:14,48.9,116.4,16.9,3.6,35.3,42.3,2021-06-22 14:00:00,30,124993,C9,2,8,1
243491,2021-06-22 00:00:00,22,22,15131,GÓMEZ Y ROCHA S.L.N.E,PL30,EDIFICIO ALAMEDA DE OCTAVIO CID,-11.956312745432264,-77.11757131207912,2200386,449-2200386,SJN,Planta San Juan,-12.146795,-76.980005,SJN,Planta San Juan,-12.146795,-76.980005,646,1210N67B,8.0,Muro/Placa,2021-06-22 15:00:00,2021-06-22 16:02:29,2021-06-22 18:30:51,2021-06-22 18:48:54,2021-06-22 18:52:11,2021-06-22 19:59:28,62.5,148.4,18.1,3.3,67.3,42.3,2021-06-22 14:00:00,30,124993,C9,3,8,1
243491,2021-06-22 00:00:00,22,22,15131,GÓMEZ Y ROCHA S.L.N.E,PL30,EDIFICIO ALAMEDA DE OCTAVIO CID,-11.956312745432264,-77.11757131207912,2419453,424-2419453,SJN,Planta San Juan,-12.146795,-76.980005,SJN,Planta San Juan,-12.146795,-76.980005,880,1210N67B,8.0,Muro/Placa,2021-06-22 15:30:00,2021-06-22 16:18:27,2021-06-22 17:56:49,2021-06-22 18:11:22,2021-06-22 18:19:33,2021-06-22 19:04:04,48.5,98.4,14.6,8.2,44.5,42.3,2021-06-22 14:00:00,30,124993,C10,4,8,1
243491,2021-06-22 00:00:00,22,22,15131,GÓMEZ Y ROCHA S.L.N.E,PL30,EDIFICIO ALAMEDA DE OCTAVIO CID,-11.956312745432264,-77.11757131207912,2279676,405-2279676,SJN,Planta San Juan,-12.146795,-76.980005,SJN,Planta San Juan,-12.146795,-76.980005,542,1210N67B,8.0,Muro/Placa,2021-06-22 16:00:00,2021-06-22 16:57:11,2021-06-22 17:25:13,2021-06-22 17:45:12,2021-06-22 17:49:31,2021-06-22 18:52:21,57.2,28.0,20.0,4.3,62.8,42.3,2021-06-22 14:00:00,30,124993,C10,5,8,1
243491,2021-06-22 00:00:00,22,22,15131,GÓMEZ Y ROCHA S.L.N.E,PL30,EDIFICIO ALAMEDA DE OCTAVIO CID,-11.956312745432264,-77.11757131207912,2343848,419-2343848,SJN,Planta San Juan,-12.146795,-76.980005,SJN,Planta San Juan,-12.146795,-76.980005,838,1210N67B,2.3,Muro/Placa,2021-06-22 16:30:00,2021-06-22 17:29:56,2021-06-22 19:59:12,2021-06-22 20:04:12,2021-06-22 20:07:51,2021-06-22 20:52:53,59.9,149.3,5.0,3.6,45.0,42.3,2021-06-22 14:00:00,30,124993,C9,6,8,1
236328,2021-04-14 00:00:00,23,23,17756,MINERÍA IBÉRICA S.A.,PL18,EDIFICIO CALLEJÓN LIGIA PALOMARES,-11.86655544797582,-77.06626250218343,2369685,417-2369685,VSM,Planta Villa El Salvador,-12.210833,-76.941111,VSM,Planta Villa El Salvador,-12.210833,-76.941111,814,1175N47B,7.0,Muro/Placa,2021-04-14 11:00:00,2021-04-14 12:37:46,2021-04-14 14:21:14,2021-04-14 14:34:48,2021-04-14 14:36:11,2021-04-14 16:27:10,97.8,103.5,13.6,1.4,111.0,12.8,2021-04-14 11:00:00,45,124850,C10,1,7,1
236328,2021-04-14 00:00:00,23,23,17756,MINERÍA IBÉRICA S.A.,PL18,EDIFICIO CALLEJÓN LIGIA PALOMARES,-11.86655544797582,-77.06626250218343,2538009,401-2538009,VSM,Planta Villa El Salvador,-12.210833,-76.941111,VSM,Planta Villa El Salvador,-12.210833,-76.941111,883,1175N47B,5.8,Muro/Placa,2021-04-14 11:45:00,2021-04-14 13:29:10,2021-04-14 15:27:53,2021-04-14 15:35:14,2021-04-14 15:42:17,2021-04-14 17:16:22,104.2,118.7,7.3,7.0,94.1,12.8,2021-04-14 11:00:00,45,124850,C8,2,7,1
244239,2021-03-31 00:00:00,24,24,17278,SUMINISTROS MATEO Y ASOCIADOS S.A.,PU87,EDIFICIO CALLE DE PEPITO NUÑEZ,-11.857882075341704,-77.1153062647912,2594799,443-2594799,SJ3,Planta San Juan 3,-12.146795,-76.980005,VSM,Planta Villa El Salvador,-12.210833,-76.941111,516,1175N47B,7.0,Viga,2021-03-31 07:00:00,2021-03-31 08:32:15,2021-03-31 08:42:20,2021-03-31 09:01:27,2021-03-31 09:05:45,2021-03-31 10:28:00,92.3,10.1,19.1,4.3,82.2,37.8,2021-03-31 07:00:00,45,124850,C8,1,7,1
244239,2021-03-31 00:00:00,24,24,17278,SUMINISTROS MATEO Y ASOCIADOS S.A.,PU87,EDIFICIO CALLE DE PEPITO NUÑEZ,-11.857882075341704,-77.1153062647912,2417368,415-2417368,SJ3,Planta San Juan 3,-12.146795,-76.980005,VSM,Planta Villa El Salvador,-12.210833,-76.941111,660,1175N47B,7.0,Viga,2021-03-31 07:45:00,2021-03-31 09:44:40,2021-03-31 10:40:28,2021-03-31 10:59:24,2021-03-31 11:05:33,2021-03-31 13:01:01,119.7,55.8,18.9,6.2,115.5,37.8,2021-03-31 07:00:00,45,124850,C9,2,7,1
244239,2021-03-31 00:00:00,24,24,17278,SUMINISTROS MATEO Y ASOCIADOS S.A.,PU87,EDIFICIO CALLE DE PEPITO NUÑEZ,-11.857882075341704,-77.1153062647912,2812609,413-2812609,SJ3,Planta San Juan 3,-12.146795,-76.980005,SJN,Planta San Juan,-12.146795,-76.980005,633,1175N47B,7.0,Viga,2021-03-31 08:30:00,2021-03-31 09:42:04,2021-03-31 10:09:58,2021-03-31 10:25:42,2021-03-31 10:34:55,2021-03-31 11:29:37,72.1,27.9,15.7,9.2,54.7,37.8,2021-03-31 07:00:00,45,124850,C10,3,7,1
244239,2021-03-31 00:00:00,24,24,17278,SUMINISTROS MATEO Y ASOCIADOS S.A.,PU87,EDIFICIO CALLE DE PEPITO NUÑEZ,-11.857882075341704,-77.1153062647912,2474001,405-2474001,SJ3,Planta San Juan 3,-12.146795,-76.980005,CAL,Planta Callao,-12.066667,-77.15,588,1175N47B,7.0,Viga,2021-03-31 09:15:00,2021-03-31 10:07:04,2021-03-31 12:24:33,2021-03-31 12:39:56,2021-03-31 12:42:02,2021-03-31 13:40:42,52.1,137.5,15.4,2.1,58.7,37.8,2021-03-31 07:00:00,45,124850,C10,4,7,1
244239,2021-03-31 00:00:00,24,24,17278,SUMINISTROS MATEO Y ASOCIADOS S.A.,PU87,EDIFICIO CALLE DE PEPITO NUÑEZ,-11.857882075341704,-77.1153062647912,2165156,450-2165156,SJ3,Planta San Juan 3,-12.146795,-76.980005,ATE,Planta Ate,-12.043333,-76.898056,864,1175N47B,7.0,Viga,2021-03-31 10:00:00,2021-03-31 11:17:39,2021-03-31 13:04:05,2021-03-31 13:20:14,2021-03-31 13:23:51,2021-03-31 14:29:51,77.7,106.4,16.1,3.6,66.0,37.8,2021-03-31 07:00:00,45,124850,C8,5,7,1
244239,2021-03-31 00:00:00,24,24,17278,SUMINISTROS MATEO Y ASOCIADOS S.A.,PU87,EDIFICIO CALLE DE PEPITO NUÑEZ,-11.857882075341704,-77.1153062647912,2027560,429-2027560,SJ3,Planta San Juan 3,-12.146795,-76.980005,ATE,Planta Ate,-12.043333,-76.898056,684,1175N47B,2.8,Viga,2021-03-31 10:45:00,2021-03-31 11:57:53,2021-03-31 12:16:05,2021-03-31 12:21:05,2021-03-31 12:23:20,2021-03-31 13:43:10,72.9,18.2,5.0,2.2,79.8,37.8,2021-03-31 07:00:00,45,124850,C9,6,7,1
236456,2021-04-05 00:00:00,25,25,21132,BANCA PRIVADA KZOK S.L.L.,OW95,EDIFICIO CALLEJÓN DE JACINTA BARRIO,-11.889614571890979,-76.96305337701608,2430749,436-2430749,CAL,Planta Callao,-12.066667,-77.15,CAL,Planta Callao,-12.066667,-77.15,893,1210N67B,9.0,Escalera,2021-04-05 12:00:00,2021-04-05 13:17:32,2021-04-05 13:27:24,2021-04-05 13:45:35,2021-04-05 13:53:02,2021-04-05 15:05:52,77.5,9.9,18.2,7.5,72.8,36.0,2021-04-05 12:00:00,45,124993,C10,1,9,1
236456,2021-04-05 00:00:00,25,25,21132,BANCA PRIVADA KZOK S.L.L.,OW95,EDIFICIO CALLEJÓN DE JACINTA BARRIO,-11.889614571890979,-76.96305337701608,2361249,449-2361249,CAL,Planta Callao,-12.066667,-77.15,CAL,Planta Callao,-12.066667,-77.15,565,1210N67B,9.0,Escalera,2021-04-05 12:45:00,2021-04-05 13:38:13,2021-04-05 16:04:05,2021-04-05 16:25:26,2021-04-05 16:30:29,2021-04-05 17:25:51,53.2,145.9,21.4,5.0,55.4,36.0,2021-04-05 12:00:00,45,124993,C8,2,9,1
236456,2021-04-05 00:00:00,25,25,21132,BANCA PRIVADA KZOK S.L.L.,OW95,EDIFICIO CALLEJÓN DE JACINTA BARRIO,-11.889614571890979,-76.96305337701608,2160448,410-2160448,CAL,Planta Callao,-12.066667,-77.15,CAL,Planta Callao,-12.066667,-77.15,655,1210N67B,9.0,Escalera,2021-04-05 13:30:00,2021-04-05 14:50:00,2021-04-05 15:54:53,2021-04-05 16:19:44,2021-04-05 16:21:14,2021-04-05 17:22:12,80.0,64.9,24.8,1.5,61.0,36.0,2021-04-05 12:00:00,45,124993,C8,3,9,1
236456,2021-04-05 00:00:00,25,25,21132,BANCA PRIVADA KZOK S.L.L.,OW95,EDIFICIO CALLEJÓN DE JACINTA BARRIO,-11.889614571890979,-76.96305337701608,2887025,412-2887025,CAL,Planta Callao,-12.066667,-77.15,CAL,Planta Callao,-12.066667,-77.15,540,1210N67B,9.0,Escalera,2021-04-05 14:15:00,2021-04-05 15:15:41,2021-04-05 17:02:05,2021-04-05 17:19:35,2021-04-05 17:29:03,2021-04-05 18:38:42,60.7,106.4,17.5,9.5,69.6,36.0,2021-04-05 12:00:00,45,124993,C9,4,9,1
242423,2021-06-24 00:00:00,26,26,12702,ATIENZA Y MANZANO S.L.N.E,PL61,EDIFICIO VIA DE ELODIA PALOMINO,-12.076031393432151,-77.14987821809082,2608851,442-2608851,CAL,Planta Callao,-12.066667,-77.15,CAL,Planta Callao,-12.066667,-77.15,578,1210N57B,9.0,Viga,2021-06-24 14:00:00,2021-06-24 14:10:00,2021-06-24 15:42:09,2021-06-24 15:56:22,2021-06-24 16:03:08,2021-06-24 16:13:08,10.0,92.2,14.2,6.8,10.0,27.5,2021-06-24 14:00:00,60,125069,C8,1,9,1
242423,2021-06-24 00:00:00,26,26,12702,ATIENZA Y MANZANO S.L.N.E,PL61,EDIFICIO VIA DE ELODIA PALOMINO,-12.076031393432151,-77.14987821809082,2905740,402-2905740,CAL,Planta Callao,-12.066667,-77.15,CAL,Planta Callao,-12.066667,-77.15,514,1210N57B,9.0,Viga,2021-06-24 15:00:00,2021-06-24 15:10:00,2021-06-24 17:25:18,2021-06-24 17:42:41,2021-06-24 17:52:00,2021-06-24 18:02:00,10.0,135.3,17.4,9.3,10.0,27.5,2021-06-24 14:00:00,60,125069,C7,2,9,1
242423,2021-06-24 00:00:00,26,26,12702,ATIENZA Y MANZANO S.L.N.E,PL61,EDIFICIO VIA DE ELODIA PALOMINO,-12.076031393432151,-77.14987821809082,2648133,431-2648133,CAL,Planta Callao,-12.066667,-77.15,CAL,Planta Callao,-12.066667,-77.15,827,1210N57B,9.0,Viga,2021-06-24 16:00:00,2021-06-24 16:16:03,2021-06-24 18:11:42,2021-06-24 18:28:08,2021-06-24 18:31:02,2021-06-24 18:46:52,16.1,115.7,16.4,2.9,15.8,27.5,2021-06-24 14:00:00,60,125069,C7,3,9,1
242423,2021-06-24 00:00:00,26,26,12702,ATIENZA Y MANZANO S.L.N.E,PL61,EDIFICIO VIA DE ELODIA PALOMINO,-12.076031393432151,-77.14987821809082,2846567,419-2846567,CAL,Planta Callao,-12.066667,-77.15,CAL,Planta Callao,-12.066667,-77.15,850,1210N57B,0.5,Viga,2021-06-24 17:00:00,2021-06-24 17:14:16,2021-06-24 18:36:06,2021-06-24 18:41:06,2021-06-24 18:44:49,2021-06-24 18:56:33,14.3,81.8,5.0,3.7,11.7,27.5,2021-06-24 14:00:00,60,125069,C10,4,9,1
235560,2021-06-19 00:00:00,27,27,9778,INSTALACIONES LAPF S.L.U.,PL75,EDIFICIO URBANIZACIÓN DE MACARENA TELLO,-12.0180730818475,-76.96422175839129,2327766,446-2327766,VSM,Planta Villa El Salvador,-12.210833,-76.941111,VSM,Planta Villa El Salvador,-12.210833,-76.941111,867,1210N67B,8.0,Viga,2021-06-19 09:00:00,2021-06-19 09:40:33,2021-06-19 10:46:30,2021-06-19 11:03:48,2021-06-19 11:06:38,2021-06-19 11:47:20,40.6,65.9,17.3,2.8,40.7,41.9,2021-06-19 09:00:00,45,124993,C9,1,8,1
235560,2021-06-19 00:00:00,27,27,9778,INSTALACIONES LAPF S.L.U.,PL75,EDIFICIO URBANIZACIÓN DE MACARENA TELLO,-12.0180730818475,-76.96422175839129,2111341,429-2111341,VSM,Planta Villa El Salvador,-12.210833,-76.941111,VSM,Planta Villa El Salvador,-12.210833,-76.941111,663,1210N67B,8.0,Viga,2021-06-19 09:45:00,2021-06-19 10:53:24,2021-06-19 11:45:12,2021-06-19 12:01:23,2021-06-19 12:09:14,2021-06-19 13:14:44,68.4,51.8,16.2,7.8,65.5,41.9,2021-06-19 09:00:00,45,124993,C8,2,8,1
235560,2021-06-19 00:00:00,27,27,9778,INSTALACIONES LAPF S.L.U.,PL75,EDIFICIO URBANIZACIÓN DE MACARENA TELLO,-12.0180730818475,-76.96422175839129,2906141,415-2906141,VSM,Planta Villa El Salvador,-12.210833,-76.941111,VSM,Planta Villa El Salvador,-12.210833,-76.941111,815,1210N67B,8.0,Viga,2021-06-19 10:30:00,2021-06-19 11:12:26,2021-06-19 12:19:52,2021-06-19 12:32:42,2021-06-19 12:34:10,2021-06-19 13:23:56,42.4,67.4,12.8,1.5,49.8,41.9,2021-06-19 09:00:00,45,124993,C10,3,8,1
235560,2021-06-19 00:00:00,27,27,9778,INSTALACIONES LAPF S.L.U.,PL75,EDIFICIO URBANIZACIÓN DE MACARENA TELLO,-12.0180730818475,-76.96422175839129,2199055,431-2199055,VSM,Planta Villa El Salvador,-12.210833,-76.941111,VSM,Planta Villa El Salvador,-12.210833,-76.941111,890,1210N67B,8.0,Viga,2021-06-19 11:15:00,2021-06-19 12:22:38,2021-06-19 14:37:59,2021-06-19 14:59:34,2021-06-19 15:08:58,2021-06-19 16:20:43,67.6,135.3,21.6,9.4,71.7,41.9,2021-06-19 09:00:00,45,124993,C8,4,8,1
235560,2021-06-19 00:00:00,27,27,9778,INSTALACIONES LAPF S.L.U.,PL75,EDIFICIO URBANIZACIÓN DE MACARENA TELLO,-12.0180730818475,-76.96422175839129,2412344,415-2412344,VSM,Planta Villa El Salvador,-12.210833,-76.941111,VSM,Planta Villa El Salvador,-12.210833,-76.941111,758,1210N67B,8.0,Viga,2021-06-19 12:00:00,2021-06-19 13:08:38,2021-06-19 14:18:40,2021-06-19 14:41:05,2021-06-19 14:46:34,2021-06-19 15:37:43,68.6,70.0,22.4,5.5,51.1,41.9,2021-06-19 09:00:00,45,124993,C10,5,8,1
235560,2021-06-19 00:00:00,27,27,9778,INSTALACIONES LAPF S.L.U.,PL75,EDIFICIO URBANIZACIÓN DE MACARENA TELLO,-12.0180730818475,-76.96422175839129,2686041,418-2686041,VSM,Planta Villa El Salvador,-12.210833,-76.941111,VSM,Planta Villa El Salvador,-12.210833,-76.941111,844,1210N67B,1.9,Viga,2021-06-19 12:45:00,2021-06-19 13:30:13,2021-06-19 14:23:09,2021-06-19 14:28:09,2021-06-19 14:33:36,2021-06-19 15:25:13,45.2,52.9,5.0,5.5,51.6,41.9,2021-06-19 09:00:00,45,124993,C10,6,8,1
232386,2021-04-28 00:00:00,28,28,20580,HNOS BRAVO S.L.,OV99,EDIFICIO CAMINO DE SANDRA BUSTOS,-12.158010766303624,-77.03010414113704,2047440,436-2047440,CAL,Planta Callao,-12.066667,-77.15,CAL,Planta Callao,-12.066667,-77.15,705,1280N67B,7.0,Escalera,2021-04-28 10:00:00,2021-04-28 10:26:12,2021-04-28 10:46:17,2021-04-28 10:58:43,2021-04-28 11:03:01,2021-04-28 11:26:38,26.2,20.1,12.4,4.3,23.6,40.7,2021-04-28 10:00:00,20,124699,C7,1,7,1
232386,2021-04-28 00:00:00,28,28,20580,HNOS BRAVO S.L.,OV99,EDIFICIO CAMINO DE SANDRA BUSTOS,-12.158010766303624,-77.03010414113704,2576566,408-2576566,CAL,Planta Callao,-12.066667,-77.15,CAL,Planta Callao,-12.066667,-77.15,643,1280N67B,7.0,Escalera,2021-04-28 10:20:00,2021-04-28 10:59:49,2021-04-28 11:54:12,2021-04-28 12:06:57,2021-04-28 12:11:26,2021-04-28 12:48:17,39.8,54.4,12.8,4.5,36.9,40.7,2021-04-28 10:00:00,20,124699,C7,2,7,1
232386,2021-04-28 00:00:00,28,28,20580,HNOS BRAVO S.L.,OV99,EDIFICIO CAMINO DE SANDRA BUSTOS,-12.158010766303624,-77.03010414113704,2791638,438-2791638,CAL,Planta Callao,-12.066667,-77.15,CAL,Planta Callao,-12.066667,-77.15,573,1280N67B,7.0,Escalera,2021-04-28 10:40:00,2021-04-28 11:32:13,2021-04-28 12:31:18,2021-04-28 12:50:38,2021-04-28 12:54:42,2021-04-28 13:55:46,52.2,59.1,19.3,4.1,61.1,40.7,2021-04-28 10:00:00,20,124699,C8,3,7,1
232386,2021-04-28 00:00:00,28,28,20580,HNOS BRAVO S.L.,OV99,EDIFICIO CAMINO DE SANDRA BUSTOS,-12.158010766303624,-77.03010414113704,2496756,409-2496756,CAL,Planta Callao,-12.066667,-77.15,CAL,Planta Callao,-12.066667,-77.15,765,1280N67B,7.0,Escalera,2021-04-28 11:00:00,2021-04-28 11:38:15,2021-04-28 12:53:15,2021-04-28 13:02:51,2021-04-28 13:05:05,2021-04-28 13:38:13,38.3,75.0,9.6,2.2,33.1,40.7,2021-04-28 10:00:00,20,124699,C10,4,7,1
232386,2021-04-28 00:00:00,28,28,20580,HNOS BRAVO S.L.,OV99,EDIFICIO CAMINO DE SANDRA BUSTOS,-12.158010766303624,-77.03010414113704,2646447,437-2646447,CAL,Planta Callao,-12.066667,-77.15,CAL,Planta Callao,-12.066667,-77.15,878,1280N67B,7.0,Escalera,2021-04-28 11:20:00,2021-04-28 12:01:09,2021-04-28 13:18:29,2021-04-28 13:31:45,2021-04-28 13:38:16,2021-04-28 14:10:25,41.2,77.3,13.3,6.5,32.2,40.7,2021-04-28 10:00:00,20,124699,C9,5,7,1
232386,2021-04-28 00:00:00,28,28,20580,HNOS BRAVO S.L.,OV99,EDIFICIO CAMINO DE SANDRA BUSTOS,-12.158010766303624,-77.03010414113704,2855374,421-2855374,CAL,Planta Callao,-12.066667,-77.15,CAL,Planta Callao,-12.066667,-77.15,508,1280N67B,5.7,Escalera,2021-04-28 11:40:00,2021-04-28 12:13:04,2021-04-28 14:17:18,2021-04-28 14:30:37,2021-04-28 14:38:00,2021-04-28 15:06:06,33.1,124.2,13.3,7.4,28.1,40.7,2021-04-28 10:00:00,20,124699,C9,6,7,1
238165,2021-02-02 00:00:00,29,29,21957,SABATER Y ASOCIADOS S.L.,OV69,EDIFICIO URBANIZACIÓN DE NEREIDA GUTIÉRREZ,-12.016211133706824,-76.85363226408006,2278428,446-2278428,SJN,Planta San Juan,-12.146795,-76.980005,CAL,Planta Callao,-12.066667,-77.15,835,1175N47B,10.0,Columna,2021-02-02 15:00:00,2021-02-02 16:05:31,2021-02-02 18:20:20,2021-02-02 18:46:40,2021-02-02 18:53:20,2021-02-02 19:58:45,65.5,134.8,26.3,6.7,65.4,42.9,2021-02-02 15:00:00,60,124850,C8,1,10,1
238165,2021-02-02 00:00:00,29,29,21957,SABATER Y ASOCIADOS S.L.,OV69,EDIFICIO URBANIZACIÓN DE NEREIDA GUTIÉRREZ,-12.016211133706824,-76.85363226408006,2154954,402-2154954,SJN,Planta San Juan,-12.146795,-76.980005,SJN,Planta San Juan,-12.146795,-76.980005,848,1175N47B,10.0,Columna,2021-02-02 16:00:00,2021-02-02 16:49:25,2021-02-02 17:15:00,2021-02-02 17:38:10,2021-02-02 17:44:45,2021-02-02 18:40:08,49.4,25.6,23.2,6.6,55.4,42.9,2021-02-02 15:00:00,60,124850,C8,2,10,1
238165,2021-02-02 00:00:00,29,29,21957,SABATER Y ASOCIADOS S.L.,OV69,EDIFICIO URBANIZACIÓN DE NEREIDA GUTIÉRREZ,-12.016211133706824,-76.85363226408006,2724042,432-2724042,SJN,Planta San Juan,-12.146795,-76.980005,CAL,Planta Callao,-12.066667,-77.15,604,1175N47B,10.0,Columna,2021-02-02 17:00:00,2021-02-02 18:24:44,2021-02-02 18:41:13,2021-02-02 18:56:28,2021-02-02 19:00:17,2021-02-02 20:06:01,84.7,16.5,15.2,3.8,65.7,42.9,2021-02-02 15:00:00,60,124850,C10,3,10,1
238165,2021-02-02 00:00:00,29,29,21957,SABATER Y ASOCIADOS S.L.,OV69,EDIFICIO URBANIZACIÓN DE NEREIDA GUTIÉRREZ,-12.016211133706824,-76.85363226408006,2217413,442-2217413,SJN,Planta San Juan,-12.146795,-76.980005,CAL,Planta Callao,-12.066667,-77.15,787,1175N47B,10.0,Columna,2021-02-02 18:00:00,2021-02-02 19:23:54,2021-02-02 21:34:49,2021-02-02 21:59:23,2021-02-02 22:00:57,2021-02-02 23:05:29,83.9,130.9,24.6,1.6,64.5,42.9,2021-02-02 15:00:00,60,124850,C9,4,10,1
238165,2021-02-02 00:00:00,29,29,21957,SABATER Y ASOCIADOS S.L.,OV69,EDIFICIO URBANIZACIÓN DE NEREIDA GUTIÉRREZ,-12.016211133706824,-76.85363226408006,2371496,439-2371496,SJN,Planta San Juan,-12.146795,-76.980005,VSM,Planta Villa El Salvador,-12.210833,-76.941111,846,1175N47B,2.9,Columna,2021-02-02 19:00:00,2021-02-02 19:58:34,2021-02-02 20:45:38,2021-02-02 20:50:38,2021-02-02 20:59:51,2021-02-02 21:50:53,58.6,47.1,5.0,9.2,51.0,42.9,2021-02-02 15:00:00,60,124850,C9,5,10,1
238101,2021-06-14 00:00:00,30,30,16086,FAMILIA CABELLO S.L.,PU90,EDIFICIO CAÑADA DE LEONEL SALA,-12.230377068092682,-77.01803822202054,2303042,444-2303042,VSM,Planta Villa El Salvador,-12.210833,-76.941111,VSM,Planta Villa El Salvador,-12.210833,-76.941111,860,1210N57B,9.0,Viga,2021-06-14 15:00:00,2021-06-14 15:11:20,2021-06-14 16:35:02,2021-06-14 16:50:58,2021-06-14 17:00:43,2021-06-14 17:10:43,11.3,83.7,15.9,9.8,10.0,21.4,2021-06-14 15:00:00,45,125069,C8,1,9,1
238101,2021-06-14 00:00:00,30,30,16086,FAMILIA CABELLO S.L.,PU90,EDIFICIO CAÑADA DE LEONEL SALA,-12.230377068092682,-77.01803822202054,2286741,436-2286741,VSM,Planta Villa El Salvador,-12.210833,-76.941111,VSM,Planta Villa El Salvador,-12.210833,-76.941111,647,1210N57B,9.0,Viga,2021-06-14 15:45:00,2021-06-14 16:10:05,2021-06-14 16:57:38,2021-06-14 17:15:10,2021-06-14 17:24:34,2021-06-14 17:52:07,25.1,47.6,17.5,9.4,27.5,21.4,2021-06-14 15:00:00,45,125069,C7,2,9,1
238101,2021-06-14 00:00:00,30,30,16086,FAMILIA CABELLO S.L.,PU90,EDIFICIO CAÑADA DE LEONEL SALA,-12.230377068092682,-77.01803822202054,2843700,402-2843700,VSM,Planta Villa El Salvador,-12.210833,-76.941111,VSM,Planta Villa El Salvador,-12.210833,-76.941111,574,1210N57B,3.4,Viga,2021-06-14 16:30:00,2021-06-14 16:54:14,2021-06-14 17:51:11,2021-06-14 18:05:43,2021-06-14 18:14:05,2021-06-14 18:42:37,24.2,57.0,14.5,8.4,28.5,21.4,2021-06-14 15:00:00,45,125069,C9,3,9,1
237010,2021-01-18 00:00:00,31,31,20594,MANUFACTURAS CASTELLANA S.COM.,PU52,EDIFICIO CAÑADA CHUY PORTERO,-12.078694429748042,-77.02526772976906,2564739,408-2564739,ATE,Planta Ate,-12.043333,-76.898056,SJN,Planta San Juan,-12.146795,-76.980005,638,1280N67B,7.0,Muro/Placa,2021-01-18 16:00:00,2021-01-18 16:17:05,2021-01-18 17:23:27,2021-01-18 17:35:47,2021-01-18 17:41:05,2021-01-18 17:54:47,17.1,66.4,12.3,5.3,13.7,44.0,2021-01-18 16:00:00,60,124699,C9,1,7,1
237010,2021-01-18 00:00:00,31,31,20594,MANUFACTURAS CASTELLANA S.COM.,PU52,EDIFICIO CAÑADA CHUY PORTERO,-12.078694429748042,-77.02526772976906,2668933,406-2668933,ATE,Planta Ate,-12.043333,-76.898056,SJN,Planta San Juan,-12.146795,-76.980005,619,1280N67B,7.0,Muro/Placa,2021-01-18 17:00:00,2021-01-18 17:25:10,2021-01-18 18:53:12,2021-01-18 19:05:21,2021-01-18 19:12:22,2021-01-18 19:36:41,25.2,88.0,12.2,7.0,24.3,44.0,2021-01-18 16:00:00,60,124699,C7,2,7,1
237010,2021-01-18 00:00:00,31,31,20594,MANUFACTURAS CASTELLANA S.COM.,PU52,EDIFICIO CAÑADA CHUY PORTERO,-12.078694429748042,-77.02526772976906,2974231,441-2974231,ATE,Planta Ate,-12.043333,-76.898056,VSM,Planta Villa El Salvador,-12.210833,-76.941111,580,1280N67B,7.0,Muro/Placa,2021-01-18 18:00:00,2021-01-18 18:36:36,2021-01-18 19:47:27,2021-01-18 20:05:19,2021-01-18 20:07:33,2021-01-18 20:50:50,36.6,70.9,17.9,2.2,43.3,44.0,2021-01-18 16:00:00,60,124699,C10,3,7,1
237010,2021-01-18 00:00:00,31,31,20594,MANUFACTURAS CASTELLANA S.COM.,PU52,EDIFICIO CAÑADA CHUY PORTERO,-12.078694429748042,-77.02526772976906,2952040,441-2952040,ATE,Planta Ate,-12.043333,-76.898056,VSM,Planta Villa El Salvador,-12.210833,-76.941111,893,1280N67B,7.0,Muro/Placa,2021-01-18 19:00:00,2021-01-18 19:41:01,2021-01-18 20:10:56,2021-01-18 20:32:28,2021-01-18 20:36:21,2021-01-18 21:18:19,41.0,29.9,21.5,3.9,42.0,44.0,2021-01-18 16:00:00,60,124699,C7,4,7,1
237010,2021-01-18 00:00:00,31,31,20594,MANUFACTURAS CASTELLANA S.COM.,PU52,EDIFICIO CAÑADA CHUY PORTERO,-12.078694429748042,-77.02526772976906,2438184,425-2438184,ATE,Planta Ate,-12.043333,-76.898056,CAL,Planta Callao,-12.066667,-77.15,590,1280N67B,7.0,Muro/Placa,2021-01-18 20:00:00,2021-01-18 20:21:34,2021-01-18 22:12:22,2021-01-18 22:32:26,2021-01-18 22:33:46,2021-01-18 22:58:48,21.6,110.8,20.1,1.3,25.0,44.0,2021-01-18 16:00:00,60,124699,C7,5,7,1
237010,2021-01-18 00:00:00,31,31,20594,MANUFACTURAS CASTELLANA S.COM.,PU52,EDIFICIO CAÑADA CHUY PORTERO,-12.078694429748042,-77.02526772976906,2312886,421-2312886,ATE,Planta Ate,-12.043333,-76.898056,VSM,Planta Villa El Salvador,-12.210833,-76.941111,790,1280N67B,7.0,Muro/Placa,2021-01-18 21:00:00,2021-01-18 21:32:17,2021-01-18 23:24:38,2021-01-18 23:44:58,2021-01-18 23:48:34,2021-01-19 00:11:47,32.3,112.4,20.3,3.6,23.2,44.0,2021-01-18 16:00:00,60,124699,C7,6,7,1
237010,2021-01-18 00:00:00,31,31,20594,MANUFACTURAS CASTELLANA S.COM.,PU52,EDIFICIO CAÑADA CHUY PORTERO,-12.078694429748042,-77.02526772976906,2528705,412-2528705,ATE,Planta Ate,-12.043333,-76.898056,ATE,Planta Ate,-12.043333,-76.898056,739,1280N67B,2.0,Muro/Placa,2021-01-18 22:00:00,2021-01-18 22:30:12,2021-01-19 00:06:23,2021-01-19 00:12:12,2021-01-19 00:21:12,2021-01-19 00:44:22,30.2,96.2,5.8,9.0,23.2,44.0,2021-01-18 16:00:00,60,124699,C9,7,7,1
243730,2021-05-19 00:00:00,32,32,24895,ANDRADE Y ASOCIADOS S.COOP.,OV72,EDIFICIO RAMBLA DE ROSAURA CARNERO,-12.240289182689281,-77.01924920718601,2309355,411-2309355,SJN,Planta San Juan,-12.146795,-76.980005,SJN,Planta San Juan,-12.146795,-76.980005,790,1210N67B,10.0,Muro/Placa,2021-05-19 14:00:00,2021-05-19 14:34:28,2021-05-19 16:11:43,2021-05-19 16:36:03,2021-05-19 16:37:11,2021-05-19 17:07:08,34.5,97.2,24.3,1.1,29.9,38.4,2021-05-19 14:00:00,45,124993,C8,1,10,1
243730,2021-05-19 00:00:00,32,32,24895,ANDRADE Y ASOCIADOS S.COOP.,OV72,EDIFICIO RAMBLA DE ROSAURA CARNERO,-12.240289182689281,-77.01924920718601,2420304,411-2420304,SJN,Planta San Juan,-12.146795,-76.980005,SJN,Planta San Juan,-12.146795,-76.980005,842,1210N67B,10.0,Muro/Placa,2021-05-19 14:45:00,2021-05-19 15:15:52,2021-05-19 16:51:41,2021-05-19 17:11:57,2021-05-19 17:16:48,2021-05-19 17:43:28,30.9,95.8,20.3,4.8,26.7,38.4,2021-05-19 14:00:00,45,124993,C7,2,10,1
243730,2021-05-19 00:00:00,32,32,24895,ANDRADE Y ASOCIADOS S.COOP.,OV72,EDIFICIO RAMBLA DE ROSAURA CARNERO,-12.240289182689281,-77.01924920718601,2468436,421-2468436,SJN,Planta San Juan,-12.146795,-76.980005,SJN,Planta San Juan,-12.146795,-76.980005,885,1210N67B,10.0,Muro/Placa,2021-05-19 15:30:00,2021-05-19 16:11:59,2021-05-19 17:23:36,2021-05-19 17:50:46,2021-05-19 17:51:50,2021-05-19 18:29:17,42.0,71.6,27.2,1.1,37.5,38.4,2021-05-19 14:00:00,45,124993,C9,3,10,1
243730,2021-05-19 00:00:00,32,32,24895,ANDRADE Y ASOCIADOS S.COOP.,OV72,EDIFICIO RAMBLA DE ROSAURA CARNERO,-12.240289182689281,-77.01924920718601,2065142,429-2065142,SJN,Planta San Juan,-12.146795,-76.980005,SJN,Planta San Juan,-12.146795,-76.980005,841,1210N67B,8.4,Muro/Placa,2021-05-19 16:15:00,2021-05-19 16:36:36,2021-05-19 18:25:02,2021-05-19 18:36:59,2021-05-19 18:43:52,2021-05-19 19:06:28,21.6,108.4,11.9,6.9,22.6,38.4,2021-05-19 14:00:00,45,124993,C7,4,10,1
249395,2021-05-26 00:00:00,33,33,7888,FERRERAS Y ASOCIADOS S.COM.,OW92,EDIFICIO VIA DE JUAN PALMA,-12.135693615169453,-76.88994459332146,2669737,439-2669737,ATE,Planta Ate,-12.043333,-76.898056,ATE,Planta Ate,-12.043333,-76.898056,651,1280N67B,10.0,Losa,2021-05-26 14:00:00,2021-05-26 14:31:17,2021-05-26 16:49:44,2021-05-26 17:16:17,2021-05-26 17:24:13,2021-05-26 17:56:54,31.3,138.5,26.5,7.9,32.7,21.7,2021-05-26 14:00:00,45,124699,C9,1,10,1
249395,2021-05-26 00:00:00,33,33,7888,FERRERAS Y ASOCIADOS S.COM.,OW92,EDIFICIO VIA DE JUAN PALMA,-12.135693615169453,-76.88994459332146,2391774,448-2391774,ATE,Planta Ate,-12.043333,-76.898056,ATE,Planta Ate,-12.043333,-76.898056,712,1280N67B,10.0,Losa,2021-05-26 14:45:00,2021-05-26 15:02:19,2021-05-26 17:25:55,2021-05-26 17:47:08,2021-05-26 17:52:14,2021-05-26 18:12:56,17.3,143.6,21.2,5.1,20.7,21.7,2021-05-26 14:00:00,45,124699,C10,2,10,1
249395,2021-05-26 00:00:00,33,33,7888,FERRERAS Y ASOCIADOS S.COM.,OW92,EDIFICIO VIA DE JUAN PALMA,-12.135693615169453,-76.88994459332146,2915548,433-2915548,ATE,Planta Ate,-12.043333,-76.898056,ATE,Planta Ate,-12.043333,-76.898056,541,1280N67B,1.7,Losa,2021-05-26 15:30:00,2021-05-26 15:56:49,2021-05-26 17:36:26,2021-05-26 17:41:26,2021-05-26 17:44:40,2021-05-26 18:13:34,26.8,99.6,5.0,3.2,28.9,21.7,2021-05-26 14:00:00,45,124699,C10,3,10,1
243813,2021-03-07 00:00:00,34,34,9683,HERMANOS ROMÁN S.L.L.,PU12,EDIFICIO ALAMEDA AMADA ROLDAN,-11.975487869458574,-77.13437431752703,2157131,433-2157131,ATE,Planta Ate,-12.043333,-76.898056,ATE,Planta Ate,-12.043333,-76.898056,584,1210N57B,7.0,Viga,2021-03-07 10:00:00,2021-03-07 11:00:45,2021-03-07 11:10:01,2021-03-07 11:26:08,2021-03-07 11:31:41,2021-03-07 12:31:37,60.8,9.3,16.1,5.5,59.9,39.7,2021-03-07 10:00:00,20,125069,C9,1,7,1
243813,2021-03-07 00:00:00,34,34,9683,HERMANOS ROMÁN S.L.L.,PU12,EDIFICIO ALAMEDA AMADA ROLDAN,-11.975487869458574,-77.13437431752703,2467122,408-2467122,ATE,Planta Ate,-12.043333,-76.898056,ATE,Planta Ate,-12.043333,-76.898056,528,1210N57B,7.0,Viga,2021-03-07 10:20:00,2021-03-07 11:17:05,2021-03-07 12:59:08,2021-03-07 13:17:27,2021-03-07 13:22:51,2021-03-07 14:28:28,57.1,102.0,18.3,5.4,65.6,39.7,2021-03-07 10:00:00,20,125069,C10,2,7,1
243813,2021-03-07 00:00:00,34,34,9683,HERMANOS ROMÁN S.L.L.,PU12,EDIFICIO ALAMEDA AMADA ROLDAN,-11.975487869458574,-77.13437431752703,2758414,416-2758414,ATE,Planta Ate,-12.043333,-76.898056,ATE,Planta Ate,-12.043333,-76.898056,511,1210N57B,7.0,Viga,2021-03-07 10:40:00,2021-03-07 11:39:13,2021-03-07 12:47:45,2021-03-07 12:57:30,2021-03-07 13:02:39,2021-03-07 14:08:01,59.2,68.5,9.8,5.2,65.4,39.7,2021-03-07 10:00:00,20,125069,C10,3,7,1
243813,2021-03-07 00:00:00,34,34,9683,HERMANOS ROMÁN S.L.L.,PU12,EDIFICIO ALAMEDA AMADA ROLDAN,-11.975487869458574,-77.13437431752703,2066857,404-2066857,ATE,Planta Ate,-12.043333,-76.898056,ATE,Planta Ate,-12.043333,-76.898056,777,1210N57B,7.0,Viga,2021-03-07 11:00:00,2021-03-07 12:08:19,2021-03-07 14:00:11,2021-03-07 14:16:43,2021-03-07 14:18:07,2021-03-07 15:17:43,68.3,111.9,16.5,1.4,59.6,39.7,2021-03-07 10:00:00,20,125069,C7,4,7,1
243813,2021-03-07 00:00:00,34,34,9683,HERMANOS ROMÁN S.L.L.,PU12,EDIFICIO ALAMEDA AMADA ROLDAN,-11.975487869458574,-77.13437431752703,2672687,423-2672687,ATE,Planta Ate,-12.043333,-76.898056,ATE,Planta Ate,-12.043333,-76.898056,873,1210N57B,7.0,Viga,2021-03-07 11:20:00,2021-03-07 12:33:25,2021-03-07 13:44:13,2021-03-07 13:56:57,2021-03-07 13:59:34,2021-03-07 14:55:56,73.4,70.8,12.7,2.6,56.4,39.7,2021-03-07 10:00:00,20,125069,C10,5,7,1
243813,2021-03-07 00:00:00,34,34,9683,HERMANOS ROMÁN S.L.L.,PU12,EDIFICIO ALAMEDA AMADA ROLDAN,-11.975487869458574,-77.13437431752703,2715894,441-2715894,ATE,Planta Ate,-12.043333,-76.898056,ATE,Planta Ate,-12.043333,-76.898056,838,1210N57B,4.7,Viga,2021-03-07 11:40:00,2021-03-07 12:53:37,2021-03-07 13:50:59,2021-03-07 14:06:41,2021-03-07 14:15:51,2021-03-07 15:21:13,73.6,57.4,15.7,9.2,65.4,39.7,2021-03-07 10:00:00,20,125069,C8,6,7,1
233748,2021-05-26 00:00:00,35,35,14142,AMOR TERRÓN VERDÚ S.COM.,PU99,EDIFICIO PASEO SARA ROCAMORA,-12.221878151718906,-77.03933144770312,2792911,429-2792911,ATE,Planta Ate,-12.043333,-76.898056,ATE,Planta Ate,-12.043333,-76.898056,511,1175N47B,8.0,Zapata,2021-05-26 08:00:00,2021-05-26 09:14:29,2021-05-26 10:13:27,2021-05-26 10:26:06,2021-05-26 10:35:55,2021-05-26 11:59:09,74.5,59.0,12.7,9.8,83.2,48.5,2021-05-26 08:00:00,20,124850,C9,1,8,1
233748,2021-05-26 00:00:00,35,35,14142,AMOR TERRÓN VERDÚ S.COM.,PU99,EDIFICIO PASEO SARA ROCAMORA,-12.221878151718906,-77.03933144770312,2362974,412-2362974,ATE,Planta Ate,-12.043333,-76.898056,ATE,Planta Ate,-12.043333,-76.898056,579,1175N47B,8.0,Zapata,2021-05-26 08:20:00,2021-05-26 09:24:54,2021-05-26 10:46:34,2021-05-26 11:04:29,2021-05-26 11:12:54,2021-05-26 12:06:22,64.9,81.7,17.9,8.4,53.5,48.5,2021-05-26 08:00:00,20,124850,C9,2,8,1
233748,2021-05-26 00:00:00,35,35,14142,AMOR TERRÓN VERDÚ S.COM.,PU99,EDIFICIO PASEO SARA ROCAMORA,-12.221878151718906,-77.03933144770312,2803265,413-2803265,ATE,Planta Ate,-12.043333,-76.898056,ATE,Planta Ate,-12.043333,-76.898056,508,1175N47B,8.0,Zapata,2021-05-26 08:40:00,2021-05-26 09:52:49,2021-05-26 11:41:35,2021-05-26 11:54:03,2021-05-26 12:02:20,2021-05-26 13:08:35,72.8,108.8,12.5,8.3,66.2,48.5,2021-05-26 08:00:00,20,124850,C8,3,8,1
233748,2021-05-26 00:00:00,35,35,14142,AMOR TERRÓN VERDÚ S.COM.,PU99,EDIFICIO PASEO SARA ROCAMORA,-12.221878151718906,-77.03933144770312,2256622,425-2256622,ATE,Planta Ate,-12.043333,-76.898056,ATE,Planta Ate,-12.043333,-76.898056,879,1175N47B,8.0,Zapata,2021-05-26 09:00:00,2021-05-26 09:46:43,2021-05-26 11:15:49,2021-05-26 11:32:37,2021-05-26 11:39:40,2021-05-26 12:32:45,46.7,89.1,16.8,7.0,53.1,48.5,2021-05-26 08:00:00,20,124850,C7,4,8,1
233748,2021-05-26 00:00:00,35,35,14142,AMOR TERRÓN VERDÚ S.COM.,PU99,EDIFICIO PASEO SARA ROCAMORA,-12.221878151718906,-77.03933144770312,2303314,436-2303314,ATE,Planta Ate,-12.043333,-76.898056,ATE,Planta Ate,-12.043333,-76.898056,619,1175N47B,8.0,Zapata,2021-05-26 09:20:00,2021-05-26 10:17:52,2021-05-26 11:38:50,2021-05-26 11:59:38,2021-05-26 12:07:38,2021-05-26 12:52:12,57.9,81.0,20.8,8.0,44.6,48.5,2021-05-26 08:00:00,20,124850,C9,5,8,1
233748,2021-05-26 00:00:00,35,35,14142,AMOR TERRÓN VERDÚ S.COM.,PU99,EDIFICIO PASEO SARA ROCAMORA,-12.221878151718906,-77.03933144770312,2692282,426-2692282,ATE,Planta Ate,-12.043333,-76.898056,ATE,Planta Ate,-12.043333,-76.898056,766,1175N47B,8.0,Zapata,2021-05-26 09:40:00,2021-05-26 10:42:38,2021-05-26 12:23:31,2021-05-26 12:38:41,2021-05-26 12:42:24,2021-05-26 13:30:45,62.6,100.9,15.2,3.7,48.3,48.5,2021-05-26 08:00:00,20,124850,C8,6,8,1
233748,2021-05-26 00:00:00,35,35,14142,AMOR TERRÓN VERDÚ S.COM.,PU99,EDIFICIO PASEO SARA ROCAMORA,-12.221878151718906,-77.03933144770312,2656401,435-2656401,ATE,Planta Ate,-12.043333,-76.898056,ATE,Planta Ate,-12.043333,-76.898056,847,1175N47B,0.5,Zapata,2021-05-26 10:00:00,2021-05-26 10:53:43,2021-05-26 11:02:52,2021-05-26 11:11:11,2021-05-26 11:20:07,2021-05-26 12:22:12,53.7,9.1,8.3,8.9,62.1,48.5,2021-05-26 08:00:00,20,124850,C10,7,8,1
242298,2021-04-13 00:00:00,36,36,13498,REYES AMORES MARTÍN S.L.,OW85,EDIFICIO PASADIZO CELIA GALLARDO,-12.00469279203351,-76.96182728131969,2428090,424-2428090,VSM,Planta Villa El Salvador,-12.210833,-76.941111,VSM,Planta Villa El Salvador,-12.210833,-76.941111,576,1210N67B,7.0,Escalera,2021-04-13 16:00:00,2021-04-13 16:52:44,2021-04-13 18:29:14,2021-04-13 18:43:11,2021-04-13 18:48:55,2021-04-13 19:44:12,52.7,96.5,14.0,5.7,55.3,41.4,2021-04-13 16:00:00,45,124993,C9,1,7,1
242298,2021-04-13 00:00:00,36,36,13498,REYES AMORES MARTÍN S.L.,OW85,EDIFICIO PASADIZO CELIA GALLARDO,-12.00469279203351,-76.96182728131969,2151363,435-2151363,VSM,Planta Villa El Salvador,-12.210833,-76.941111,VSM,Planta Villa El Salvador,-12.210833,-76.941111,737,1210N67B,7.0,Escalera,2021-04-13 16:45:00,2021-04-13 17:32:55,2021-04-13 18:53:37,2021-04-13 19:05:45,2021-04-13 19:08:46,2021-04-13 20:02:52,47.9,80.7,12.1,3.0,54.1,41.4,2021-04-13 16:00:00,45,124993,C7,2,7,1
242298,2021-04-13 00:00:00,36,36,13498,REYES AMORES MARTÍN S.L.,OW85,EDIFICIO PASADIZO CELIA GALLARDO,-12.00469279203351,-76.96182728131969,2346305,428-2346305,VSM,Planta Villa El Salvador,-12.210833,-76.941111,VSM,Planta Villa El Salvador,-12.210833,-76.941111,831,1210N67B,7.0,Escalera,2021-04-13 17:30:00,2021-04-13 18:24:47,2021-04-13 19:27:16,2021-04-13 19:43:09,2021-04-13 19:47:39,2021-04-13 20:32:59,54.8,62.5,15.9,4.5,45.3,41.4,2021-04-13 16:00:00,45,124993,C7,3,7,1
242298,2021-04-13 00:00:00,36,36,13498,REYES AMORES MARTÍN S.L.,OW85,EDIFICIO PASADIZO CELIA GALLARDO,-12.00469279203351,-76.96182728131969,2706396,404-2706396,VSM,Planta Villa El Salvador,-12.210833,-76.941111,VSM,Planta Villa El Salvador,-12.210833,-76.941111,809,1210N67B,7.0,Escalera,2021-04-13 18:15:00,2021-04-13 19:22:49,2021-04-13 19:36:41,2021-04-13 19:55:06,2021-04-13 19:57:49,2021-04-13 20:54:24,67.8,13.9,18.4,2.7,56.6,41.4,2021-04-13 16:00:00,45,124993,C7,4,7,1
242298,2021-04-13 00:00:00,36,36,13498,REYES AMORES MARTÍN S.L.,OW85,EDIFICIO PASADIZO CELIA GALLARDO,-12.00469279203351,-76.96182728131969,2911709,400-2911709,VSM,Planta Villa El Salvador,-12.210833,-76.941111,VSM,Planta Villa El Salvador,-12.210833,-76.941111,670,1210N67B,7.0,Escalera,2021-04-13 19:00:00,2021-04-13 19:48:03,2021-04-13 21:42:18,2021-04-13 22:00:43,2021-04-13 22:06:45,2021-04-13 22:51:54,48.1,114.3,18.4,6.0,45.2,41.4,2021-04-13 16:00:00,45,124993,C9,5,7,1
242298,2021-04-13 00:00:00,36,36,13498,REYES AMORES MARTÍN S.L.,OW85,EDIFICIO PASADIZO CELIA GALLARDO,-12.00469279203351,-76.96182728131969,2958861,425-2958861,VSM,Planta Villa El Salvador,-12.210833,-76.941111,VSM,Planta Villa El Salvador,-12.210833,-76.941111,624,1210N67B,6.4,Escalera,2021-04-13 19:45:00,2021-04-13 20:33:45,2021-04-13 21:02:16,2021-04-13 21:19:42,2021-04-13 21:27:25,2021-04-13 22:19:57,48.8,28.5,17.4,7.7,52.5,41.4,2021-04-13 16:00:00,45,124993,C8,6,7,1
246579,2021-06-16 00:00:00,37,37,18181,HERMANOS ANTÓN S.COOP.,OW63,EDIFICIO GLORIETA DE TERESA SAAVEDRA,-11.938834540954971,-77.11833833880681,2537727,406-2537727,SJ3,Planta San Juan 3,-12.146795,-76.980005,SJ3,Planta San Juan 3,-12.146795,-76.980005,754,1210N57B,8.0,Escalera,2021-06-16 15:00:00,2021-06-16 16:14:33,2021-06-16 17:11:39,2021-06-16 17:29:35,2021-06-16 17:33:49,2021-06-16 18:35:46,74.6,57.1,17.9,4.2,61.9,26.3,2021-06-16 15:00:00,60,125069,C10,1,8,1
246579,2021-06-16 00:00:00,37,37,18181,HERMANOS ANTÓN S.COOP.,OW63,EDIFICIO GLORIETA DE TERESA SAAVEDRA,-11.938834540954971,-77.11833833880681,2328122,436-2328122,SJ3,Planta San Juan 3,-12.146795,-76.980005,SJ3,Planta San Juan 3,-12.146795,-76.980005,711,1210N57B,8.0,Escalera,2021-06-16 16:00:00,2021-06-16 17:15:22,2021-06-16 19:03:44,2021-06-16 19:24:38,2021-06-16 19:28:31,2021-06-16 20:28:56,75.4,108.4,20.9,3.9,60.4,26.3,2021-06-16 15:00:00,60,125069,C7,2,8,1
246579,2021-06-16 00:00:00,37,37,18181,HERMANOS ANTÓN S.COOP.,OW63,EDIFICIO GLORIETA DE TERESA SAAVEDRA,-11.938834540954971,-77.11833833880681,2754987,409-2754987,SJ3,Planta San Juan 3,-12.146795,-76.980005,SJ3,Planta San Juan 3,-12.146795,-76.980005,713,1210N57B,8.0,Escalera,2021-06-16 17:00:00,2021-06-16 18:17:13,2021-06-16 20:08:24,2021-06-16 20:19:36,2021-06-16 20:25:35,2021-06-16 21:42:11,77.2,111.2,11.2,6.0,76.6,26.3,2021-06-16 15:00:00,60,125069,C9,3,8,1
246579,2021-06-16 00:00:00,37,37,18181,HERMANOS ANTÓN S.COOP.,OW63,EDIFICIO GLORIETA DE TERESA SAAVEDRA,-11.938834540954971,-77.11833833880681,2989294,416-2989294,SJ3,Planta San Juan 3,-12.146795,-76.980005,SJ3,Planta San Juan 3,-12.146795,-76.980005,850,1210N57B,2.3,Escalera,2021-06-16 18:00:00,2021-06-16 18:57:10,2021-06-16 19:31:41,2021-06-16 19:38:41,2021-06-16 19:41:54,2021-06-16 20:37:40,57.2,34.5,7.0,3.2,55.8,26.3,2021-06-16 15:00:00,60,125069,C9,4,8,1
245843,2021-05-01 00:00:00,38,38,21272,ALVARADO Y ASOCIADOS S.A.,PL51,EDIFICIO PASAJE DE GRACIELA PAREJA,-11.924143419990333,-76.90078069433281,2192988,433-2192988,VSM,Planta Villa El Salvador,-12.210833,-76.941111,VSM,Planta Villa El Salvador,-12.210833,-76.941111,777,1210N67B,8.0,Columna,2021-05-01 16:00:00,2021-05-01 17:18:56,2021-05-01 19:08:51,2021-05-01 19:24:26,2021-05-01 19:26:42,2021-05-01 20:43:32,78.9,109.9,15.6,2.3,76.8,39.5,2021-05-01 16:00:00,60,124993,C7,1,8,1
245843,2021-05-01 00:00:00,38,38,21272,ALVARADO Y ASOCIADOS S.A.,PL51,EDIFICIO PASAJE DE GRACIELA PAREJA,-11.924143419990333,-76.90078069433281,2144170,404-2144170,VSM,Planta Villa El Salvador,-12.210833,-76.941111,SJN,Planta San Juan,-12.146795,-76.980005,822,1210N67B,8.0,Columna,2021-05-01 17:00:00,2021-05-01 18:14:43,2021-05-01 18:25:52,2021-05-01 18:47:30,2021-05-01 18:48:56,2021-05-01 19:41:29,74.7,11.1,21.6,1.4,52.5,39.5,2021-05-01 16:00:00,60,124993,C8,2,8,1
245843,2021-05-01 00:00:00,38,38,21272,ALVARADO Y ASOCIADOS S.A.,PL51,EDIFICIO PASAJE DE GRACIELA PAREJA,-11.924143419990333,-76.90078069433281,2646467,401-2646467,VSM,Planta Villa El Salvador,-12.210833,-76.941111,SJ3,Planta San Juan 3,-12.146795,-76.980005,747,1210N67B,8.0,Columna,2021-05-01 18:00:00,2021-05-01 18:49:49,2021-05-01 20:05:41,2021-05-01 20:21:32,2021-05-01 20:28:05,2021-05-01 21:19:35,49.8,75.9,15.9,6.6,51.5,39.5,2021-05-01 16:00:00,60,124993,C10,3,8,1
245843,2021-05-01 00:00:00,38,38,21272,ALVARADO Y ASOCIADOS S.A.,PL51,EDIFICIO PASAJE DE GRACIELA PAREJA,-11.924143419990333,-76.90078069433281,2300614,411-2300614,VSM,Planta Villa El Salvador,-12.210833,-76.941111,SJN,Planta San Juan,-12.146795,-76.980005,508,1210N67B,8.0,Columna,2021-05-01 19:00:00,2021-05-01 20:05:30,2021-05-01 21:07:13,2021-05-01 21:18:26,2021-05-01 21:25:56,2021-05-01 22:29:20,65.5,61.7,11.2,7.5,63.4,39.5,2021-05-01 16:00:00,60,124993,C10,4,8,1
245843,2021-05-01 00:00:00,38,38,21272,ALVARADO Y ASOCIADOS S.A.,PL51,EDIFICIO PASAJE DE GRACIELA PAREJA,-11.924143419990333,-76.90078069433281,2371658,405-2371658,VSM,Planta Villa El Salvador,-12.210833,-76.941111,SJN,Planta San Juan,-12.146795,-76.980005,636,1210N67B,7.5,Columna,2021-05-01 20:00:00,2021-05-01 21:17:05,2021-05-01 22:35:44,2021-05-01 22:48:52,2021-05-01 22:55:27,2021-05-01 23:59:09,77.1,78.7,13.1,6.6,63.7,39.5,2021-05-01 16:00:00,60,124993,C10,5,8,1
235958,2021-05-06 00:00:00,39,39,13950,JENNIFER FUSTER QUINTANILLA S.L.,PL43,EDIFICIO ALAMEDA JOSE FRANCISCO SASTRE,-12.179830578417858,-76.88590400607252,2685491,405-2685491,ATE,Planta Ate,-12.043333,-76.898056,VSM,Planta Villa El Salvador,-12.210833,-76.941111,832,1210N57B,8.0,Zapata,2021-05-06 13:00:00,2021-05-06 13:17:33,2021-05-06 15:46:05,2021-05-06 16:00:01,2021-05-06 16:07:11,2021-05-06 16:26:55,17.6,148.5,13.9,7.2,19.7,11.6,2021-05-06 13:00:00,20,125069,C7,1,8,1
235958,2021-05-06 00:00:00,39,39,13950,JENNIFER FUSTER QUINTANILLA S.L.,PL43,EDIFICIO ALAMEDA JOSE FRANCISCO SASTRE,-12.179830578417858,-76.88590400607252,2524139,436-2524139,ATE,Planta Ate,-12.043333,-76.898056,VSM,Planta Villa El Salvador,-12.210833,-76.941111,722,1210N57B,3.6,Zapata,2021-05-06 13:20:00,2021-05-06 13:31:59,2021-05-06 14:54:53,2021-05-06 14:59:53,2021-05-06 15:00:58,2021-05-06 15:10:58,12.0,82.9,5.0,1.1,10.0,11.6,2021-05-06 13:00:00,20,125069,C9,2,8,1
246083,2021-04-26 00:00:00,40,40,7565,INDUSTRIAS GLOBALES S.L.,OW47,EDIFICIO VIA DE ÁMBAR CARBONELL,-12.239201799763734,-76.94246385341144,2969051,434-2969051,SJN,Planta San Juan,-12.146795,-76.980005,SJN,Planta San Juan,-12.146795,-76.980005,538,1210N57B,10.0,Escalera,2021-04-26 12:00:00,2021-04-26 12:19:01,2021-04-26 14:34:12,2021-04-26 14:58:12,2021-04-26 15:04:18,2021-04-26 15:20:12,19.0,135.2,24.0,6.1,15.9,31.2,2021-04-26 12:00:00,45,125069,C9,1,10,1
246083,2021-04-26 00:00:00,40,40,7565,INDUSTRIAS GLOBALES S.L.,OW47,EDIFICIO VIA DE ÁMBAR CARBONELL,-12.239201799763734,-76.94246385341144,2151195,404-2151195,SJN,Planta San Juan,-12.146795,-76.980005,CAL,Planta Callao,-12.066667,-77.15,885,1210N57B,10.0,Escalera,2021-04-26 12:45:00,2021-04-26 13:58:13,2021-04-26 14:25:07,2021-04-26 14:51:10,2021-04-26 14:52:19,2021-04-26 15:51:09,73.2,26.9,26.1,1.1,58.8,31.2,2021-04-26 12:00:00,45,125069,C10,2,10,1
246083,2021-04-26 00:00:00,40,40,7565,INDUSTRIAS GLOBALES S.L.,OW47,EDIFICIO VIA DE ÁMBAR CARBONELL,-12.239201799763734,-76.94246385341144,2347843,450-2347843,SJN,Planta San Juan,-12.146795,-76.980005,ATE,Planta Ate,-12.043333,-76.898056,696,1210N57B,10.0,Escalera,2021-04-26 13:30:00,2021-04-26 14:15:13,2021-04-26 14:51:17,2021-04-26 15:17:08,2021-04-26 15:21:39,2021-04-26 16:13:35,45.2,36.1,25.9,4.5,51.9,31.2,2021-04-26 12:00:00,45,125069,C8,3,10,1
246083,2021-04-26 00:00:00,40,40,7565,INDUSTRIAS GLOBALES S.L.,OW47,EDIFICIO VIA DE ÁMBAR CARBONELL,-12.239201799763734,-76.94246385341144,2357137,449-2357137,SJN,Planta San Juan,-12.146795,-76.980005,SJN,Planta San Juan,-12.146795,-76.980005,809,1210N57B,1.2,Escalera,2021-04-26 14:15:00,2021-04-26 14:42:09,2021-04-26 17:08:18,2021-04-26 17:13:18,2021-04-26 17:18:14,2021-04-26 17:48:37,27.2,146.1,5.0,4.9,30.4,31.2,2021-04-26 12:00:00,45,125069,C10,4,10,1
238877,2021-03-21 00:00:00,41,41,15237,MANUFACTURAS IKZZ S.A.,OV25,EDIFICIO CALLE MILAGROS COSTA,-11.989357834336964,-77.0553356167982,2452825,405-2452825,ATE,Planta Ate,-12.043333,-76.898056,ATE,Planta Ate,-12.043333,-76.898056,595,1175N47B,8.0,Escalera,2021-03-21 14:00:00,2021-03-21 14:33:12,2021-03-21 17:02:05,2021-03-21 17:19:28,2021-03-21 17:23:40,2021-03-21 18:02:32,33.2,148.9,17.4,4.2,38.9,17.1,2021-03-21 14:00:00,30,124850,C10,1,8,1
238877,2021-03-21 00:00:00,41,41,15237,MANUFACTURAS IKZZ S.A.,OV25,EDIFICIO CALLE MILAGROS COSTA,-11.989357834336964,-77.0553356167982,2398458,447-2398458,ATE,Planta Ate,-12.043333,-76.898056,ATE,Planta Ate,-12.043333,-76.898056,864,1175N47B,8.0,Escalera,2021-03-21 14:30:00,2021-03-21 15:18:10,2021-03-21 16:02:28,2021-03-21 16:16:41,2021-03-21 16:18:20,2021-03-21 16:58:31,48.2,44.3,14.2,1.7,40.2,17.1,2021-03-21 14:00:00,30,124850,C8,2,8,1
238877,2021-03-21 00:00:00,41,41,15237,MANUFACTURAS IKZZ S.A.,OV25,EDIFICIO CALLE MILAGROS COSTA,-11.989357834336964,-77.0553356167982,2798329,408-2798329,ATE,Planta Ate,-12.043333,-76.898056,ATE,Planta Ate,-12.043333,-76.898056,638,1175N47B,1.1,Escalera,2021-03-21 15:00:00,2021-03-21 15:36:41,2021-03-21 16:30:48,2021-03-21 16:35:48,2021-03-21 16:45:17,2021-03-21 17:19:08,36.7,54.1,5.0,9.5,33.8,17.1,2021-03-21 14:00:00,30,124850,C7,3,8,1
233294,2021-02-20 00:00:00,42,42,16707,AMOR VIZCAÍNO IBAÑEZ S.A.T.,OV56,EDIFICIO PLAZA DE MARÍA DOLORES RODA,-12.260279228157298,-77.14575548982319,2097584,424-2097584,SJN,Planta San Juan,-12.146795,-76.980005,SJN,Planta San Juan,-12.146795,-76.980005,805,1175N47B,7.0,Viga,2021-02-20 15:00:00,2021-02-20 15:48:40,2021-02-20 17:11:52,2021-02-20 17:26:10,2021-02-20 17:27:25,2021-02-20 18:10:05,48.7,83.2,14.3,1.2,42.7,48.9,2021-02-20 15:00:00,45,124850,C9,1,7,1
233294,2021-02-20 00:00:00,42,42,16707,AMOR VIZCAÍNO IBAÑEZ S.A.T.,OV56,EDIFICIO PLAZA DE MARÍA DOLORES RODA,-12.260279228157298,-77.14575548982319,2254533,443-2254533,SJN,Planta San Juan,-12.146795,-76.980005,SJN,Planta San Juan,-12.146795,-76.980005,792,1175N47B,7.0,Viga,2021-02-20 15:45:00,2021-02-20 16:20:34,2021-02-20 17:22:38,2021-02-20 17:41:46,2021-02-20 17:49:17,2021-02-20 18:24:08,35.6,62.1,19.1,7.5,34.9,48.9,2021-02-20 15:00:00,45,124850,C8,2,7,1
233294,2021-02-20 00:00:00,42,42,16707,AMOR VIZCAÍNO IBAÑEZ S.A.T.,OV56,EDIFICIO PLAZA DE MARÍA DOLORES RODA,-12.260279228157298,-77.14575548982319,2455791,419-2455791,SJN,Planta San Juan,-12.146795,-76.980005,SJN,Planta San Juan,-12.146795,-76.980005,641,1175N47B,7.0,Viga,2021-02-20 16:30:00,2021-02-20 17:16:37,2021-02-20 17:37:27,2021-02-20 17:50:21,2021-02-20 17:55:48,2021-02-20 18:29:54,46.6,20.8,12.9,5.4,34.1,48.9,2021-02-20 15:00:00,45,124850,C10,3,7,1
233294,2021-02-20 00:00:00,42,42,16707,AMOR VIZCAÍNO IBAÑEZ S.A.T.,OV56,EDIFICIO PLAZA DE MARÍA DOLORES RODA,-12.260279228157298,-77.14575548982319,2622651,429-2622651,SJN,Planta San Juan,-12.146795,-76.980005,SJN,Planta San Juan,-12.146795,-76.980005,815,1175N47B,7.0,Viga,2021-02-20 17:15:00,2021-02-20 18:04:43,2021-02-20 18:16:16,2021-02-20 18:28:32,2021-02-20 18:31:45,2021-02-20 19:22:06,49.7,11.5,12.3,3.2,50.4,48.9,2021-02-20 15:00:00,45,124850,C8,4,7,1
233294,2021-02-20 00:00:00,42,42,16707,AMOR VIZCAÍNO IBAÑEZ S.A.T.,OV56,EDIFICIO PLAZA DE MARÍA DOLORES RODA,-12.260279228157298,-77.14575548982319,2843135,421-2843135,SJN,Planta San Juan,-12.146795,-76.980005,SJN,Planta San Juan,-12.146795,-76.980005,668,1175N47B,7.0,Viga,2021-02-20 18:00:00,2021-02-20 18:38:24,2021-02-20 19:24:06,2021-02-20 19:45:26,2021-02-20 19:49:26,2021-02-20 20:28:14,38.4,45.7,21.3,4.0,38.8,48.9,2021-02-20 15:00:00,45,124850,C10,5,7,1
233294,2021-02-20 00:00:00,42,42,16707,AMOR VIZCAÍNO IBAÑEZ S.A.T.,OV56,EDIFICIO PLAZA DE MARÍA DOLORES RODA,-12.260279228157298,-77.14575548982319,2632512,430-2632512,SJN,Planta San Juan,-12.146795,-76.980005,SJN,Planta San Juan,-12.146795,-76.980005,855,1175N47B,7.0,Viga,2021-02-20 18:45:00,2021-02-20 19:33:07,2021-02-20 21:36:39,2021-02-20 21:54:06,2021-02-20 22:00:27,2021-02-20 22:41:22,48.1,123.5,17.5,6.3,40.9,48.9,2021-02-20 15:00:00,45,124850,C8,6,7,1
233294,2021-02-20 00:00:00,42,42,16707,AMOR VIZCAÍNO IBAÑEZ S.A.T.,OV56,EDIFICIO PLAZA DE MARÍA DOLORES RODA,-12.260279228157298,-77.14575548982319,2514858,420-2514858,SJN,Planta San Juan,-12.146795,-76.980005,SJN,Planta San Juan,-12.146795,-76.980005,794,1175N47B,6.9,Viga,2021-02-20 19:30:00,2021-02-20 20:14:37,2021-02-20 22:39:18,2021-02-20 23:00:42,2021-02-20 23:04:19,2021-02-20 23:51:04,44.6,144.7,21.4,3.6,46.7,48.9,2021-02-20 15:00:00,45,124850,C8,7,7,1
233361,2021-01-05 00:00:00,43,43,16317,CARBAJO Y LEAL S.COM.,PU71,EDIFICIO PASADIZO AMADA BAUZÀ,-12.129765600931995,-77.09469089888297,2188667,446-2188667,VSM,Planta Villa El Salvador,-12.210833,-76.941111,VSM,Planta Villa El Salvador,-12.210833,-76.941111,849,1210N67B,7.0,Columna,2021-01-05 13:00:00,2021-01-05 13:51:13,2021-01-05 14:45:58,2021-01-05 15:07:05,2021-01-05 15:09:53,2021-01-05 16:11:16,51.2,54.8,21.1,2.8,61.4,42.5,2021-01-05 13:00:00,60,124993,C7,1,7,1
233361,2021-01-05 00:00:00,43,43,16317,CARBAJO Y LEAL S.COM.,PU71,EDIFICIO PASADIZO AMADA BAUZÀ,-12.129765600931995,-77.09469089888297,2858747,408-2858747,VSM,Planta Villa El Salvador,-12.210833,-76.941111,VSM,Planta Villa El Salvador,-12.210833,-76.941111,709,1210N67B,7.0,Columna,2021-01-05 14:00:00,2021-01-05 14:41:29,2021-01-05 16:27:44,2021-01-05 16:42:26,2021-01-05 16:46:04,2021-01-05 17:29:29,41.5,106.3,14.7,3.6,43.4,42.5,2021-01-05 13:00:00,60,124993,C10,2,7,1
233361,2021-01-05 00:00:00,43,43,16317,CARBAJO Y LEAL S.COM.,PU71,EDIFICIO PASADIZO AMADA BAUZÀ,-12.129765600931995,-77.09469089888297,2077558,437-2077558,VSM,Planta Villa El Salvador,-12.210833,-76.941111,VSM,Planta Villa El Salvador,-12.210833,-76.941111,729,1210N67B,7.0,Columna,2021-01-05 15:00:00,2021-01-05 15:46:38,2021-01-05 16:22:56,2021-01-05 16:40:30,2021-01-05 16:47:56,2021-01-05 17:38:59,46.6,36.3,17.6,7.4,51.1,42.5,2021-01-05 13:00:00,60,124993,C10,3,7,1
233361,2021-01-05 00:00:00,43,43,16317,CARBAJO Y LEAL S.COM.,PU71,EDIFICIO PASADIZO AMADA BAUZÀ,-12.129765600931995,-77.09469089888297,2829130,406-2829130,VSM,Planta Villa El Salvador,-12.210833,-76.941111,VSM,Planta Villa El Salvador,-12.210833,-76.941111,684,1210N67B,7.0,Columna,2021-01-05 16:00:00,2021-01-05 16:39:39,2021-01-05 17:55:39,2021-01-05 18:16:37,2021-01-05 18:23:50,2021-01-05 19:02:23,39.7,76.0,21.0,7.2,38.5,42.5,2021-01-05 13:00:00,60,124993,C7,4,7,1
233361,2021-01-05 00:00:00,43,43,16317,CARBAJO Y LEAL S.COM.,PU71,EDIFICIO PASADIZO AMADA BAUZÀ,-12.129765600931995,-77.09469089888297,2676364,448-2676364,VSM,Planta Villa El Salvador,-12.210833,-76.941111,VSM,Planta Villa El Salvador,-12.210833,-76.941111,846,1210N67B,7.0,Columna,2021-01-05 17:00:00,2021-01-05 17:50:42,2021-01-05 19:29:21,2021-01-05 19:42:57,2021-01-05 19:49:47,2021-01-05 20:26:24,50.7,98.6,13.6,6.8,36.6,42.5,2021-01-05 13:00:00,60,124993,C10,5,7,1
233361,2021-01-05 00:00:00,43,43,16317,CARBAJO Y LEAL S.COM.,PU71,EDIFICIO PASADIZO AMADA BAUZÀ,-12.129765600931995,-77.09469089888297,2783132,428-2783132,VSM,Planta Villa El Salvador,-12.210833,-76.941111,VSM,Planta Villa El Salvador,-12.210833,-76.941111,765,1210N67B,7.0,Columna,2021-01-05 18:00:00,2021-01-05 18:37:35,2021-01-05 20:37:01,2021-01-05 20:47:24,2021-01-05 20:49:17,2021-01-05 21:19:46,37.6,119.4,10.4,1.9,30.5,42.5,2021-01-05 13:00:00,60,124993,C8,6,7,1
233361,2021-01-05 00:00:00,43,43,16317,CARBAJO Y LEAL S.COM.,PU71,EDIFICIO PASADIZO AMADA BAUZÀ,-12.129765600931995,-77.09469089888297,2025755,418-2025755,VSM,Planta Villa El Salvador,-12.210833,-76.941111,VSM,Planta Villa El Salvador,-12.210833,-76.941111,747,1210N67B,0.5,Columna,2021-01-05 19:00:00,2021-01-05 19:38:51,2021-01-05 20:48:19,2021-01-05 20:53:19,2021-01-05 21:00:32,2021-01-05 21:30:40,38.9,69.5,5.0,7.2,30.1,42.5,2021-01-05 13:00:00,60,124993,C7,7,7,1
248443,2021-03-20 00:00:00,44,44,9791,LUJÁN Y ASOCIADOS S.A.,OV25,EDIFICIO URBANIZACIÓN DE MARÍA CRISTINA GIMENO,-12.070963482691186,-77.0251477935769,2216916,422-2216916,VSM,Planta Villa El Salvador,-12.210833,-76.941111,SJN,Planta San Juan,-12.146795,-76.980005,766,1175N47B,10.0,Zapata,2021-03-20 14:00:00,2021-03-20 14:12:03,2021-03-20 16:33:10,2021-03-20 16:50:00,2021-03-20 16:53:48,2021-03-20 17:05:00,12.1,141.1,16.8,3.8,11.2,26.9,2021-03-20 14:00:00,30,124850,C10,1,10,1
248443,2021-03-20 00:00:00,44,44,9791,LUJÁN Y ASOCIADOS S.A.,OV25,EDIFICIO URBANIZACIÓN DE MARÍA CRISTINA GIMENO,-12.070963482691186,-77.0251477935769,2745305,421-2745305,VSM,Planta Villa El Salvador,-12.210833,-76.941111,VSM,Planta Villa El Salvador,-12.210833,-76.941111,558,1175N47B,10.0,Zapata,2021-03-20 14:30:00,2021-03-20 15:01:30,2021-03-20 16:49:48,2021-03-20 17:10:41,2021-03-20 17:12:17,2021-03-20 17:35:03,31.5,108.3,20.9,1.6,22.8,26.9,2021-03-20 14:00:00,30,124850,C7,2,10,1
248443,2021-03-20 00:00:00,44,44,9791,LUJÁN Y ASOCIADOS S.A.,OV25,EDIFICIO URBANIZACIÓN DE MARÍA CRISTINA GIMENO,-12.070963482691186,-77.0251477935769,2167914,429-2167914,VSM,Planta Villa El Salvador,-12.210833,-76.941111,SJN,Planta San Juan,-12.146795,-76.980005,669,1175N47B,6.9,Zapata,2021-03-20 15:00:00,2021-03-20 15:28:53,2021-03-20 15:53:33,2021-03-20 16:15:08,2021-03-20 16:18:20,2021-03-20 16:41:05,28.9,24.7,21.6,3.2,22.7,26.9,2021-03-20 14:00:00,30,124850,C10,3,10,1
231973,2021-06-07 00:00:00,45,45,10251,SUMINISTROS FWEL S.L.,OV90,EDIFICIO PASADIZO RAMÓN PI,-12.244487402347303,-76.95187155884238,2925994,437-2925994,SJ3,Planta San Juan 3,-12.146795,-76.980005,SJ3,Planta San Juan 3,-12.146795,-76.980005,601,1280N67B,7.0,Viga,2021-06-07 13:00:00,2021-06-07 13:31:48,2021-06-07 13:59:45,2021-06-07 14:17:18,2021-06-07 14:21:51,2021-06-07 14:55:51,31.8,28.0,17.5,4.6,34.0,14.6,2021-06-07 13:00:00,30,124699,C10,1,7,1
231973,2021-06-07 00:00:00,45,45,10251,SUMINISTROS FWEL S.L.,OV90,EDIFICIO PASADIZO RAMÓN PI,-12.244487402347303,-76.95187155884238,2834674,434-2834674,SJ3,Planta San Juan 3,-12.146795,-76.980005,SJ3,Planta San Juan 3,-12.146795,-76.980005,532,1280N67B,7.0,Viga,2021-06-07 13:30:00,2021-06-07 13:55:47,2021-06-07 13:56:27,2021-06-07 14:08:15,2021-06-07 14:11:45,2021-06-07 14:38:53,25.8,0.7,11.8,3.5,27.1,14.6,2021-06-07 13:00:00,30,124699,C7,2,7,1
231973,2021-06-07 00:00:00,45,45,10251,SUMINISTROS FWEL S.L.,OV90,EDIFICIO PASADIZO RAMÓN PI,-12.244487402347303,-76.95187155884238,2553349,438-2553349,SJ3,Planta San Juan 3,-12.146795,-76.980005,SJ3,Planta San Juan 3,-12.146795,-76.980005,827,1280N67B,0.6,Viga,2021-06-07 14:00:00,2021-06-07 14:18:31,2021-06-07 15:07:24,2021-06-07 15:12:24,2021-06-07 15:15:46,2021-06-07 15:36:43,18.5,48.9,5.0,3.4,21.0,14.6,2021-06-07 13:00:00,30,124699,C9,3,7,1
239264,2021-06-30 00:00:00,46,46,21877,CONSTRUCCIÓN DEL MEDITERRÁNEO S.A.,OW97,EDIFICIO VIAL DE NORBERTO MARISCAL,-12.233288096919987,-77.07063361230233,2740282,443-2740282,VSM,Planta Villa El Salvador,-12.210833,-76.941111,VSM,Planta Villa El Salvador,-12.210833,-76.941111,652,1175N47B,10.0,Escalera,2021-06-30 10:00:00,2021-06-30 10:33:47,2021-06-30 11:25:58,2021-06-30 11:51:58,2021-06-30 11:58:31,2021-06-30 12:35:55,33.8,52.2,26.0,6.6,37.4,12.8,2021-06-30 10:00:00,30,124850,C7,1,10,1
239264,2021-06-30 00:00:00,46,46,21877,CONSTRUCCIÓN DEL MEDITERRÁNEO S.A.,OW97,EDIFICIO VIAL DE NORBERTO MARISCAL,-12.233288096919987,-77.07063361230233,2535638,438-2535638,VSM,Planta Villa El Salvador,-12.210833,-76.941111,VSM,Planta Villa El Salvador,-12.210833,-76.941111,698,1175N47B,2.8,Escalera,2021-06-30 10:30:00,2021-06-30 10:50:11,2021-06-30 11:07:52,2021-06-30 11:12:52,2021-06-30 11:15:31,2021-06-30 11:36:40,20.2,17.7,5.0,2.6,21.1,12.8,2021-06-30 10:00:00,30,124850,C10,2,10,1
235436,2021-03-21 00:00:00,47,47,16457,BANCO SANTANA Y ASOCIADOS S.L.,PU25,EDIFICIO URBANIZACIÓN DE EVELIA CORDERO,-12.11565101486192,-77.05877264283657,2181649,431-2181649,SJ3,Planta San Juan 3,-12.146795,-76.980005,SJ3,Planta San Juan 3,-12.146795,-76.980005,784,1350N77B,10.0,Columna,2021-03-21 07:00:00,2021-03-21 07:18:10,2021-03-21 08:31:10,2021-03-21 08:53:10,2021-03-21 09:02:26,2021-03-21 09:23:37,18.2,73.0,22.0,9.3,21.2,11.4,2021-03-21 07:00:00,60,125001,C8,1,10,1
235436,2021-03-21 00:00:00,47,47,16457,BANCO SANTANA Y ASOCIADOS S.L.,PU25,EDIFICIO URBANIZACIÓN DE EVELIA CORDERO,-12.11565101486192,-77.05877264283657,2998078,408-2998078,SJ3,Planta San Juan 3,-12.146795,-76.980005,SJ3,Planta San Juan 3,-12.146795,-76.980005,504,1350N77B,1.4,Columna,2021-03-21 08:00:00,2021-03-21 08:14:09,2021-03-21 08:42:13,2021-03-21 08:50:58,2021-03-21 08:57:32,2021-03-21 09:13:34,14.2,28.1,8.7,6.6,16.0,11.4,2021-03-21 07:00:00,60,125001,C10,2,10,1
237501,2021-06-23 00:00:00,48,48,7679,TALLERES BUENDÍA Y ASOCIADOS S.A.,PL83,EDIFICIO VIA DE ROQUE COBO,-12.32988416342769,-76.92311935087623,2512438,436-2512438,SJ3,Planta San Juan 3,-12.146795,-76.980005,CAL,Planta Callao,-12.066667,-77.15,585,1350N77B,9.0,Zapata,2021-06-23 16:00:00,2021-06-23 17:30:42,2021-06-23 18:44:57,2021-06-23 19:06:51,2021-06-23 19:11:35,2021-06-23 20:53:11,90.7,74.2,21.9,4.7,101.6,15.6,2021-06-23 16:00:00,60,125001,C7,1,9,1
237501,2021-06-23 00:00:00,48,48,7679,TALLERES BUENDÍA Y ASOCIADOS S.A.,PL83,EDIFICIO VIA DE ROQUE COBO,-12.32988416342769,-76.92311935087623,2818665,435-2818665,SJ3,Planta San Juan 3,-12.146795,-76.980005,SJN,Planta San Juan,-12.146795,-76.980005,734,1350N77B,6.6,Zapata,2021-06-23 17:00:00,2021-06-23 18:01:25,2021-06-23 18:34:30,2021-06-23 18:43:07,2021-06-23 18:46:09,2021-06-23 19:38:01,61.4,33.1,8.6,3.0,51.9,15.6,2021-06-23 16:00:00,60,125001,C10,2,9,1
243380,2021-03-28 00:00:00,49,49,17520,RESTAURACIÓN THIC S.L.,OW30,EDIFICIO CUESTA HORACIO FIOL,-12.185098168210517,-76.94189789780496,2043631,434-2043631,CAL,Planta Callao,-12.066667,-77.15,CAL,Planta Callao,-12.066667,-77.15,889,1210N57B,7.0,Escalera,2021-03-28 12:00:00,2021-03-28 12:47:29,2021-03-28 14:43:45,2021-03-28 15:03:28,2021-03-28 15:07:46,2021-03-28 16:00:33,47.5,116.3,19.7,4.3,52.8,27.1,2021-03-28 12:00:00,60,125069,C10,1,7,1
243380,2021-03-28 00:00:00,49,49,17520,RESTAURACIÓN THIC S.L.,OW30,EDIFICIO CUESTA HORACIO FIOL,-12.185098168210517,-76.94189789780496,2917304,416-2917304,CAL,Planta Callao,-12.066667,-77.15,CAL,Planta Callao,-12.066667,-77.15,516,1210N57B,7.0,Escalera,2021-03-28 13:00:00,2021-03-28 13:50:37,2021-03-28 14:54:24,2021-03-28 15:12:58,2021-03-28 15:19:51,2021-03-28 16:01:33,50.6,63.8,18.6,6.9,41.7,27.1,2021-03-28 12:00:00,60,125069,C10,2,7,1
243380,2021-03-28 00:00:00,49,49,17520,RESTAURACIÓN THIC S.L.,OW30,EDIFICIO CUESTA HORACIO FIOL,-12.185098168210517,-76.94189789780496,2248455,445-2248455,CAL,Planta Callao,-12.066667,-77.15,CAL,Planta Callao,-12.066667,-77.15,607,1210N57B,7.0,Escalera,2021-03-28 14:00:00,2021-03-28 14:54:31,2021-03-28 16:57:02,2021-03-28 17:11:44,2021-03-28 17:21:41,2021-03-28 18:21:00,54.5,122.5,14.7,9.9,59.3,27.1,2021-03-28 12:00:00,60,125069,C9,3,7,1
243380,2021-03-28 00:00:00,49,49,17520,RESTAURACIÓN THIC S.L.,OW30,EDIFICIO CUESTA HORACIO FIOL,-12.185098168210517,-76.94189789780496,2844565,434-2844565,CAL,Planta Callao,-12.066667,-77.15,CAL,Planta Callao,-12.066667,-77.15,530,1210N57B,6.1,Escalera,2021-03-28 15:00:00,2021-03-28 16:02:22,2021-03-28 17:06:36,2021-03-28 17:21:48,2021-03-28 17:29:52,2021-03-28 18:38:55,62.4,64.2,15.2,8.1,69.0,27.1,2021-03-28 12:00:00,60,125069,C9,4,7,1
230037,2021-06-19 00:00:00,50,50,24779,VIVIANA FERRER ZAMORA S.L.,PU62,EDIFICIO CAMINO DE RICO ROCA,-12.322897957311636,-76.99446818226178,2539403,408-2539403,ATE,Planta Ate,-12.043333,-76.898056,ATE,Planta Ate,-12.043333,-76.898056,847,1175N47B,7.0,Muro/Placa,2021-06-19 15:00:00,2021-06-19 16:10:53,2021-06-19 18:37:44,2021-06-19 18:50:32,2021-06-19 18:56:42,2021-06-19 20:20:05,70.9,146.9,12.8,6.2,83.4,16.5,2021-06-19 15:00:00,60,124850,C7,1,7,1
230037,2021-06-19 00:00:00,50,50,24779,VIVIANA FERRER ZAMORA S.L.,PU62,EDIFICIO CAMINO DE RICO ROCA,-12.322897957311636,-76.99446818226178,2133051,415-2133051,ATE,Planta Ate,-12.043333,-76.898056,ATE,Planta Ate,-12.043333,-76.898056,859,1175N47B,7.0,Muro/Placa,2021-06-19 16:00:00,2021-06-19 17:34:43,2021-06-19 19:32:34,2021-06-19 19:53:31,2021-06-19 20:03:27,2021-06-19 21:50:49,94.7,117.9,20.9,9.9,107.4,16.5,2021-06-19 15:00:00,60,124850,C8,2,7,1
230037,2021-06-19 00:00:00,50,50,24779,VIVIANA FERRER ZAMORA S.L.,PU62,EDIFICIO CAMINO DE RICO ROCA,-12.322897957311636,-76.99446818226178,2149077,440-2149077,ATE,Planta Ate,-12.043333,-76.898056,ATE,Planta Ate,-12.043333,-76.898056,795,1175N47B,2.5,Muro/Placa,2021-06-19 17:00:00,2021-06-19 18:10:13,2021-06-19 18:58:32,2021-06-19 19:03:32,2021-06-19 19:12:08,2021-06-19 20:15:05,70.2,48.3,5.0,8.6,63.0,16.5,2021-06-19 15:00:00,60,124850,C9,3,7,1
